代码,股票,市场,最新历史日,最新历史成交量,近20日非零成交天数,NAVER_aq最新成交量,NXT最新成交量,诊断状态,说明
005930,삼성전자,KOSPI,2026-10-08,30351049,20,21259056,9091993,有正常成交迹象,
000660,SK하이닉스,KOSPI,2026-10-08,4373466,20,3203231,1170235,有正常成交迹象,
005935,삼성전자우,KOSPI,2026-10-08,2240206,20,2240206,0,有正常成交迹象,
402340,SK스퀘어,KOSPI,2026-10-08,1242769,20,985409,257360,有正常成交迹象,
009150,삼성전기,KOSPI,2026-10-08,897740,20,554370,343370,有正常成交迹象,
373220,LG에너지솔루션,KOSPI,2026-10-08,1379155,20,919337,459818,有正常成交迹象,
005380,현대차,KOSPI,2026-10-08,1101170,20,685775,415395,有正常成交迹象,
105560,KB금융,KOSPI,2026-10-08,950774,20,810487,140287,有正常成交迹象,
207940,삼성바이오로직스,KOSPI,2026-10-08,102688,20,81929,20759,有正常成交迹象,
032830,삼성생명,KOSPI,2026-10-08,390269,20,335818,54451,有正常成交迹象,
028260,삼성물산,KOSPI,2026-10-08,636341,20,544311,92030,有正常成交迹象,
034020,두산에너빌리티,KOSPI,2026-10-08,7732775,20,4584327,3148448,有正常成交迹象,
055550,신한지주,KOSPI,2026-10-08,1361709,20,1230949,130760,有正常成交迹象,
012450,한화에어로스페이스,KOSPI,2026-10-08,418404,20,333333,85071,有正常成交迹象,
006400,삼성SDI,KOSPI,2026-10-08,1252249,20,687104,565145,有正常成交迹象,
068270,셀트리온,KOSPI,2026-10-08,586226,20,461849,124377,有正常成交迹象,
000270,기아,KOSPI,2026-10-08,1585888,20,1298243,287645,有正常成交迹象,
329180,HD현대중공업,KOSPI,2026-10-08,460077,20,350061,110016,有正常成交迹象,
034730,SK,KOSPI,2026-10-08,228310,20,198237,30073,有正常成交迹象,
086790,하나금융지주,KOSPI,2026-10-08,896691,20,791624,105067,有正常成交迹象,
066570,LG전자,KOSPI,2026-10-08,1973638,20,1037049,936589,有正常成交迹象,
012330,현대모비스,KOSPI,2026-10-08,567570,20,467512,100058,有正常成交迹象,
010120,LS ELECTRIC,KOSPI,2026-10-08,1149454,20,714853,434601,有正常成交迹象,
035420,NAVER,KOSPI,2026-10-08,1383343,20,926786,456557,有正常成交迹象,
000810,삼성화재,KOSPI,2026-10-08,127168,20,119365,7803,有正常成交迹象,
096770,SK이노베이션,KOSPI,2026-10-08,1556815,20,1167939,388876,有正常成交迹象,
042700,한미반도체,KOSPI,2026-10-08,1462917,20,1038513,424404,有正常成交迹象,
005490,POSCO홀딩스,KOSPI,2026-10-08,505055,20,387135,117920,有正常成交迹象,
316140,우리금융지주,KOSPI,2026-10-08,3318972,20,2908843,410129,有正常成交迹象,
298040,효성중공업,KOSPI,2026-10-08,92839,20,64424,28415,有正常成交迹象,
042660,한화오션,KOSPI,2026-10-08,1689271,20,919018,770253,有正常成交迹象,
267260,HD현대일렉트릭,KOSPI,2026-10-08,233459,20,163456,70003,有正常成交迹象,
000150,두산,KOSPI,2026-10-08,118985,20,85424,33561,有正常成交迹象,
010130,고려아연,KOSPI,2026-10-08,25610,20,20708,4902,有正常成交迹象,
138040,메리츠금융지주,KOSPI,2026-10-08,193913,20,181720,12193,有正常成交迹象,
009540,HD한국조선해양,KOSPI,2026-10-08,404505,20,347559,56946,有正常成交迹象,
051910,LG화학,KOSPI,2026-10-08,648791,20,537833,110958,有正常成交迹象,
011200,HMM,KOSPI,2026-10-08,1591432,20,1191106,400326,有正常成交迹象,
010950,S-Oil,KOSPI,2026-10-08,357438,20,294866,62572,有正常成交迹象,
015760,한국전력,KOSPI,2026-10-08,2308373,20,1552044,756329,有正常成交迹象,
033780,KT&G,KOSPI,2026-10-08,229776,20,209873,19903,有正常成交迹象,
017670,SK텔레콤,KOSPI,2026-10-08,961036,20,677027,284009,有正常成交迹象,
003670,포스코퓨처엠,KOSPI,2026-10-08,850052,20,525023,325029,有正常成交迹象,
010140,삼성중공업,KOSPI,2026-10-08,5858075,20,3692865,2165210,有正常成交迹象,
003550,LG,KOSPI,2026-10-08,285605,20,266218,19387,有正常成交迹象,
006800,미래에셋증권,KOSPI,2026-10-08,2240046,20,1581122,658924,有正常成交迹象,
024110,기업은행,KOSPI,2026-10-08,1637934,20,1206565,431369,有正常成交迹象,
018260,삼성에스디에스,KOSPI,2026-10-08,374440,20,265849,108591,有正常成交迹象,
272210,한화시스템,KOSPI,2026-10-08,1687544,20,1252210,435334,有正常成交迹象,
035720,카카오,KOSPI,2026-10-08,1712465,20,1712465,0,有正常成交迹象,
267250,HD현대,KOSPI,2026-10-08,368937,20,328093,40844,有正常成交迹象,
278470,에이피알,KOSPI,2026-10-08,380284,20,267711,112573,有正常成交迹象,
086280,현대글로비스,KOSPI,2026-10-08,260878,20,220030,40848,有正常成交迹象,
079550,LIG디펜스앤에어로스페이스,KOSPI,2026-10-08,310469,20,249493,60976,有正常成交迹象,
011070,LG이노텍,KOSPI,2026-10-08,376761,20,217666,159095,有正常成交迹象,
030200,KT,KOSPI,2026-10-08,652888,20,565680,87208,有正常成交迹象,
005830,DB손해보험,KOSPI,2026-10-08,241679,20,220819,20860,有正常成交迹象,
000720,현대건설,KOSPI,2026-10-08,1385099,20,1046277,338822,有正常成交迹象,
047810,한국항공우주,KOSPI,2026-10-08,465846,20,386250,79596,有正常成交迹象,
064350,현대로템,KOSPI,2026-10-08,796056,20,650118,145938,有正常成交迹象,
003490,대한항공,KOSPI,2026-10-08,2791673,20,2791673,0,有正常成交迹象,
047050,포스코인터내셔널,KOSPI,2026-10-08,739691,20,537221,202470,有正常成交迹象,
307950,현대오토에버,KOSPI,2026-10-08,100250,20,74438,25812,有正常成交迹象,
443060,HD현대마린솔루션,KOSPI,2026-10-08,119564,20,108338,11226,有正常成交迹象,
078930,GS,KOSPI,2026-10-08,457396,20,436965,20431,有正常成交迹象,
028050,삼성E&A,KOSPI,2026-10-08,1427224,20,1427224,0,有正常成交迹象,
071050,한국금융지주,KOSPI,2026-10-08,263117,20,229129,33988,有正常成交迹象,
323410,카카오뱅크,KOSPI,2026-10-08,1028430,20,854530,173900,有正常成交迹象,
007660,이수페타시스,KOSPI,2026-10-08,2276908,20,1660017,616891,有正常成交迹象,
005940,NH투자증권,KOSPI,2026-10-08,1286377,20,1051092,235285,有正常成交迹象,
003230,삼양식품,KOSPI,2026-10-08,41959,20,30668,11291,有正常成交迹象,
000500,가온전선,KOSPI,2026-10-08,315629,20,130739,184890,有正常成交迹象,
180640,한진칼,KOSPI,2026-10-08,81004,20,67504,13500,有正常成交迹象,
259960,크래프톤,KOSPI,2026-10-08,206361,20,176473,29888,有正常成交迹象,
0126Z0,삼성에피스홀딩스,KOSPI,2026-10-08,46108,20,46108,0,有正常成交迹象,
006260,LS,KOSPI,2026-10-08,275861,20,198696,77165,有正常成交迹象,
009830,한화솔루션,KOSPI,2026-10-08,2400744,20,2400744,0,有正常成交迹象,
090430,아모레퍼시픽,KOSPI,2026-10-08,239776,20,199873,39903,有正常成交迹象,
353200,대덕전자,KOSPI,2026-10-08,1358366,20,1358366,0,有正常成交迹象,
161390,한국타이어앤테크놀로지,KOSPI,2026-10-08,386752,20,342879,43873,有正常成交迹象,
016360,삼성증권,KOSPI,2026-10-08,486206,20,384677,101529,有正常成交迹象,
021240,코웨이,KOSPI,2026-10-08,167910,20,159119,8791,有正常成交迹象,
352820,하이브,KOSPI,2026-10-08,310292,20,215767,94525,有正常成交迹象,
047040,대우건설,KOSPI,2026-10-08,3711700,20,3711700,0,有正常成交迹象,
062040,산일전기,KOSPI,2026-10-08,493306,20,290318,202988,有正常成交迹象,
064400,LG씨엔에스,KOSPI,2026-10-08,733473,20,733473,0,有正常成交迹象,
039490,키움증권,KOSPI,2026-10-08,136374,20,123098,13276,有正常成交迹象,
128940,한미약품,KOSPI,2026-10-08,499920,20,274223,225697,有正常成交迹象,
032640,LG유플러스,KOSPI,2026-10-08,751580,20,665940,85640,有正常成交迹象,
000990,DB하이텍,KOSPI,2026-10-08,1158082,20,789585,368497,有正常成交迹象,
000880,한화,KOSPI,2026-10-08,171191,20,138582,32609,有正常成交迹象,
005387,현대차2우B,KOSPI,2026-10-08,113671,20,113671,0,有正常成交迹象,
326030,SK바이오팜,KOSPI,2026-10-08,245762,20,155627,90135,有正常成交迹象,
001440,대한전선,KOSPI,2026-10-08,2900455,20,2900455,0,有正常成交迹象,
000100,유한양행,KOSPI,2026-10-08,295245,20,233732,61513,有正常成交迹象,
011790,SKC,KOSPI,2026-10-08,427000,20,279216,147784,有正常成交迹象,
377300,카카오페이,KOSPI,2026-10-08,420959,20,289276,131683,有正常成交迹象,
175330,JB금융지주,KOSPI,2026-10-08,625767,20,597565,28202,有正常成交迹象,
241560,두산밥캣,KOSPI,2026-10-08,205088,20,179827,25261,有正常成交迹象,
267270,HD건설기계,KOSPI,2026-10-08,736146,20,536100,200046,有正常成交迹象,
036570,NC,KOSPI,2026-10-08,262569,20,204537,58032,有正常成交迹象,
029780,삼성카드,KOSPI,2026-10-08,85465,20,70238,15227,有正常成交迹象,
066970,엘앤에프,KOSPI,2026-10-08,770734,20,416508,354226,有正常成交迹象,
052690,한전기술,KOSPI,2026-10-08,975374,20,583486,391888,有正常成交迹象,
138930,BNK금융지주,KOSPI,2026-10-08,1024497,20,934194,90303,有正常成交迹象,
088980,맥쿼리인프라,KOSPI,2026-10-08,514740,20,514740,0,有正常成交迹象,
088350,한화생명,KOSPI,2026-10-08,2379529,20,2379529,0,有正常成交迹象,
454910,두산로보틱스,KOSPI,2026-10-08,375549,20,375549,0,有正常成交迹象,
010060,OCI홀딩스,KOSPI,2026-10-08,288859,20,177488,111371,有正常成交迹象,
018880,한온시스템,KOSPI,2026-10-08,13925944,20,13925944,0,有正常成交迹象,
271560,오리온,KOSPI,2026-10-08,87952,20,79962,7990,有正常成交迹象,
034220,LG디스플레이,KOSPI,2026-10-08,3104575,20,3104575,0,有正常成交迹象,
051900,LG생활건강,KOSPI,2026-10-08,70495,20,60249,10246,有正常成交迹象,
001450,현대해상,KOSPI,2026-10-08,286982,20,260752,26230,有正常成交迹象,
002380,KCC,KOSPI,2026-10-08,22843,20,20568,2275,有正常成交迹象,
103590,일진전기,KOSPI,2026-10-08,1314841,20,698389,616452,有正常成交迹象,
005385,현대차우,KOSPI,2026-10-08,76667,20,76667,0,有正常成交迹象,
001040,CJ,KOSPI,2026-10-08,96229,20,83886,12343,有正常成交迹象,
004020,현대제철,KOSPI,2026-10-08,680367,20,515688,164679,有正常成交迹象,
008930,한미사이언스,KOSPI,2026-10-08,2886901,20,1181941,1704960,有正常成交迹象,
192820,코스맥스,KOSPI,2026-10-08,180062,20,150922,29140,有正常成交迹象,
082740,한화엔진,KOSPI,2026-10-08,2339172,20,1568867,770305,有正常成交迹象,
036460,한국가스공사,KOSPI,2026-10-08,182138,20,154569,27569,有正常成交迹象,
161890,한국콜마,KOSPI,2026-10-08,562530,20,409373,153157,有正常成交迹象,
028670,팬오션,KOSPI,2026-10-08,1841021,20,1841021,0,有正常成交迹象,
022100,포스코DX,KOSPI,2026-10-08,345768,20,249834,95934,有正常成交迹象,
012750,에스원,KOSPI,2026-10-08,64753,20,60770,3983,有正常成交迹象,
111770,영원무역,KOSPI,2026-10-08,93087,20,85846,7241,有正常成交迹象,
035250,강원랜드,KOSPI,2026-10-08,408272,20,316357,91915,有正常成交迹象,
031210,서울보증보험,KOSPI,2026-10-08,58363,20,43614,14749,有正常成交迹象,
014680,한솔케미칼,KOSPI,2026-10-08,60108,20,54344,5764,有正常成交迹象,
020150,롯데에너지머티리얼즈,KOSPI,2026-10-08,957411,20,615265,342146,有正常成交迹象,
011780,금호석유화학,KOSPI,2026-10-08,49981,20,44572,5409,有正常成交迹象,
004170,신세계,KOSPI,2026-10-08,79833,20,65272,14561,有正常成交迹象,
302440,SK바이오사이언스,KOSPI,2026-10-08,121939,20,87838,34101,有正常成交迹象,
007340,DN오토모티브,KOSPI,2026-10-08,132003,20,107051,24952,有正常成交迹象,
336260,두산퓨얼셀,KOSPI,2026-10-08,664800,20,397205,267595,有正常成交迹象,
383220,F&F,KOSPI,2026-10-08,72572,20,62187,10385,有正常成交迹象,
251270,넷마블,KOSPI,2026-10-08,195505,20,166708,28797,有正常成交迹象,
139130,iM금융지주,KOSPI,2026-10-08,606574,20,570231,36343,有正常成交迹象,
023530,롯데쇼핑,KOSPI,2026-10-08,77147,20,67836,9311,有正常成交迹象,
097950,CJ제일제당,KOSPI,2026-10-08,90357,20,69982,20375,有正常成交迹象,
085620,미래에셋생명,KOSPI,2026-10-08,264644,20,264644,0,有正常成交迹象,
006360,GS건설,KOSPI,2026-10-08,823670,20,823670,0,有正常成交迹象,
017800,현대엘리베이터,KOSPI,2026-10-08,183652,20,140631,43021,有正常成交迹象,
450080,에코프로머티,KOSPI,2026-10-08,455384,20,455384,0,有正常成交迹象,
026960,동서,KOSPI,2026-10-08,52120,20,42842,9278,有正常成交迹象,
375500,DL이앤씨,KOSPI,2026-10-08,457273,20,457273,0,有正常成交迹象,
003690,코리안리,KOSPI,2026-10-08,266167,20,241198,24969,有正常成交迹象,
011170,롯데케미칼,KOSPI,2026-10-08,147574,20,104031,43543,有正常成交迹象,
000240,한국앤컴퍼니,KOSPI,2026-10-08,154055,20,127037,27018,有正常成交迹象,
018670,SK가스,KOSPI,2026-10-08,23528,20,17624,5904,有正常成交迹象,
004800,효성,KOSPI,2026-10-08,14047,20,10830,3217,有正常成交迹象,
489790,한화비전,KOSPI,2026-10-08,215798,20,119988,95810,有正常成交迹象,
281820,케이씨텍,KOSPI,2026-10-08,539537,20,313060,226477,有正常成交迹象,
457190,이수스페셜티케미컬,KOSPI,2026-10-08,418661,20,216313,202348,有正常成交迹象,
004370,농심,KOSPI,2026-10-08,20766,20,17322,3444,有正常成交迹象,
005440,현대지에프홀딩스,KOSPI,2026-10-08,922191,20,762684,159507,有正常成交迹象,
112610,씨에스윈드,KOSPI,2026-10-08,320301,20,320301,0,有正常成交迹象,
005850,에스엘,KOSPI,2026-10-08,80999,20,66602,14397,有正常成交迹象,
009420,한올바이오파마,KOSPI,2026-10-08,288007,20,203874,84133,有正常成交迹象,
004990,롯데지주,KOSPI,2026-10-08,147806,20,110450,37356,有正常成交迹象,
009970,영원무역홀딩스,KOSPI,2026-10-08,13885,20,12554,1331,有正常成交迹象,
229640,LS에코에너지,KOSPI,2026-10-08,792177,20,425862,366315,有正常成交迹象,
001720,신영증권,KOSPI,2026-10-08,11932,20,7203,4729,有正常成交迹象,
483650,달바글로벌,KOSPI,2026-10-08,179619,20,123043,56576,有正常成交迹象,
282330,BGF리테일,KOSPI,2026-10-08,54033,20,52170,1863,有正常成交迹象,
030000,제일기획,KOSPI,2026-10-08,491412,20,435556,55856,有正常成交迹象,
279570,케이뱅크,KOSPI,2026-10-08,739546,20,739546,0,有正常成交迹象,
007810,코리아써키트,KOSPI,2026-10-08,998168,20,414375,583793,有正常成交迹象,
204320,HL만도,KOSPI,2026-10-08,351292,20,351292,0,有正常成交迹象,
081660,미스토홀딩스,KOSPI,2026-10-08,141411,20,131306,10105,有正常成交迹象,
002790,아모레퍼시픽홀딩스,KOSPI,2026-10-08,94276,20,76877,17399,有正常成交迹象,
051600,한전KPS,KOSPI,2026-10-08,155067,20,114431,40636,有正常成交迹象,
073240,금호타이어,KOSPI,2026-10-08,1725099,20,1213954,511145,有正常成交迹象,
139480,이마트,KOSPI,2026-10-08,150716,20,118544,32172,有正常成交迹象,
089860,롯데렌탈,KOSPI,2026-10-08,69079,20,50698,18381,有正常成交迹象,
069960,현대백화점,KOSPI,2026-10-08,74762,20,60979,13783,有正常成交迹象,
103140,풍산,KOSPI,2026-10-08,282642,20,207395,75247,有正常成交迹象,
181710,NHN,KOSPI,2026-10-08,92109,20,70336,21773,有正常成交迹象,
007070,GS리테일,KOSPI,2026-10-08,115673,20,94447,21226,有正常成交迹象,
462870,시프트업,KOSPI,2026-10-08,54253,20,41754,12499,有正常成交迹象,
000155,두산우,KOSPI,2026-10-08,7953,20,7953,0,有正常成交迹象,
439260,대한조선,KOSPI,2026-10-08,91952,20,61379,30573,有正常成交迹象,
020560,아시아나항공,KOSPI,2026-10-08,194581,20,178426,16155,有正常成交迹象,
001120,LX인터내셔널,KOSPI,2026-10-08,109356,20,97480,11876,有正常成交迹象,
001430,세아베스틸지주,KOSPI,2026-10-08,269670,20,204656,65014,有正常成交迹象,
120110,코오롱인더,KOSPI,2026-10-08,285393,20,210319,75074,有正常成交迹象,
322000,HD현대에너지솔루션,KOSPI,2026-10-08,197036,20,197036,0,有正常成交迹象,
001820,삼화콘덴서,KOSPI,2026-10-08,402256,20,402256,0,有正常成交迹象,
093370,후성,KOSPI,2026-10-08,2273405,20,2273405,0,有正常成交迹象,
395400,SK리츠,KOSPI,2026-10-08,166056,20,166056,0,有正常成交迹象,
000120,CJ대한통운,KOSPI,2026-10-08,62838,20,46170,16668,有正常成交迹象,
023590,다우기술,KOSPI,2026-10-08,59445,20,43964,15481,有正常成交迹象,
475150,SK이터닉스,KOSPI,2026-10-08,1080862,20,1080862,0,有正常成交迹象,
006040,동원산업,KOSPI,2026-10-08,36982,20,32773,4209,有正常成交迹象,
005070,코스모신소재,KOSPI,2026-10-08,270660,20,142400,128260,有正常成交迹象,
361610,SK아이이테크놀로지,KOSPI,2026-10-08,678842,20,491000,187842,有正常成交迹象,
008770,호텔신라,KOSPI,2026-10-08,203334,20,151640,51694,有正常成交迹象,
006280,녹십자,KOSPI,2026-10-08,46286,20,30053,16233,有正常成交迹象,
009155,삼성전기우,KOSPI,2026-10-08,6431,20,6431,0,有正常成交迹象,
071970,HD현대마린엔진,KOSPI,2026-10-08,433687,20,267121,166566,有正常成交迹象,
294870,IPARK현대산업개발,KOSPI,2026-10-08,84929,20,74835,10094,有正常成交迹象,
011210,현대위아,KOSPI,2026-10-08,82551,20,60179,22372,有正常成交迹象,
012630,HDC,KOSPI,2026-10-08,100790,20,59860,40930,有正常成交迹象,
001800,오리온홀딩스,KOSPI,2026-10-08,76891,20,65265,11626,有正常成交迹象,
097230,HJ중공업,KOSPI,2026-10-08,229526,20,229526,0,有正常成交迹象,
007310,오뚜기,KOSPI,2026-10-08,9781,20,9192,589,有正常成交迹象,
069620,대웅제약,KOSPI,2026-10-08,29420,20,26034,3386,有正常成交迹象,
066575,LG전자우,KOSPI,2026-10-08,52798,20,52798,0,有正常成交迹象,
00680K,미래에셋증권2우B,KOSPI,2026-10-08,178625,20,178625,0,有正常成交迹象,
006120,SK디스커버리,KOSPI,2026-10-08,51926,20,34616,17310,有正常成交迹象,
415640,KB발해인프라,KOSPI,2026-10-08,66057,20,66057,0,有正常成交迹象,
001740,SK네트웍스,KOSPI,2026-10-08,821765,20,821765,0,有正常成交迹象,
192080,더블유게임즈,KOSPI,2026-10-08,63605,20,60395,3210,有正常成交迹象,
330590,롯데리츠,KOSPI,2026-10-08,90639,20,90639,0,有正常成交迹象,
298020,효성티앤씨,KOSPI,2026-10-08,18260,20,15113,3147,有正常成交迹象,
300720,한일시멘트,KOSPI,2026-10-08,75806,20,63989,11817,有正常成交迹象,
003160,디아이,KOSPI,2026-10-08,1769340,20,936687,832653,有正常成交迹象,
003540,대신증권,KOSPI,2026-10-08,103808,20,80688,23120,有正常成交迹象,
000815,삼성화재우,KOSPI,2026-10-08,9102,20,9102,0,有正常成交迹象,
006110,삼아알미늄,KOSPI,2026-10-08,948356,20,585613,362743,有正常成交迹象,
280360,롯데웰푸드,KOSPI,2026-10-08,24783,20,21901,2882,有正常成交迹象,
195870,해성디에스,KOSPI,2026-10-08,228223,20,139824,88399,有正常成交迹象,
030610,교보증권,KOSPI,2026-10-08,36199,20,22366,13833,有正常成交迹象,
004000,롯데정밀화학,KOSPI,2026-10-08,65983,20,52745,13238,有正常成交迹象,
000080,하이트진로,KOSPI,2026-10-08,81956,20,67458,14498,有正常成交迹象,
000210,DL,KOSPI,2026-10-08,49803,20,39924,9879,有正常成交迹象,
003240,태광산업,KOSPI,2026-10-08,1233,20,1048,185,有正常成交迹象,
017960,한국카본,KOSPI,2026-10-08,404992,20,239708,165284,有正常成交迹象,
006340,대원전선,KOSPI,2026-10-08,1174322,20,1174322,0,有正常成交迹象,
192400,쿠쿠홀딩스,KOSPI,2026-10-08,31725,20,27063,4662,有正常成交迹象,
451800,한화리츠,KOSPI,2026-10-08,64378,20,64378,0,有正常成交迹象,
030190,NICE평가정보,KOSPI,2026-10-08,33863,20,30497,3366,有正常成交迹象,
009240,한샘,KOSPI,2026-10-08,42641,20,37993,4648,有正常成交迹象,
051915,LG화학우,KOSPI,2026-10-08,43717,20,43717,0,有正常成交迹象,
003570,SNT다이내믹스,KOSPI,2026-10-08,160200,20,115963,44237,有正常成交迹象,
003530,한화투자증권,KOSPI,2026-10-08,645176,20,645176,0,有正常成交迹象,
003090,대웅,KOSPI,2026-10-08,73903,20,62741,11162,有正常成交迹象,
185750,종근당,KOSPI,2026-10-08,21224,20,17114,4110,有正常成交迹象,
034230,파라다이스,KOSPI,2026-10-08,612576,20,454569,158007,有正常成交迹象,
285130,SK케미칼,KOSPI,2026-10-08,71239,20,61943,9296,有正常成交迹象,
009450,경동나비엔,KOSPI,2026-10-08,23541,20,13029,10512,有正常成交迹象,
071320,지역난방공사,KOSPI,2026-10-08,23508,20,14588,8920,有正常成交迹象,
032350,롯데관광개발,KOSPI,2026-10-08,332808,20,261912,70896,有正常成交迹象,
005300,롯데칠성,KOSPI,2026-10-08,13937,20,12239,1698,有正常成交迹象,
004490,세방전지,KOSPI,2026-10-08,108682,20,81925,26757,有正常成交迹象,
000370,한화손해보험,KOSPI,2026-10-08,239826,20,239826,0,有正常成交迹象,
079160,CJ CGV,KOSPI,2026-10-08,126215,20,126215,0,有正常成交迹象,
077970,STX엔진,KOSPI,2026-10-08,344635,20,202524,142111,有正常成交迹象,
248070,솔루엠,KOSPI,2026-10-08,391475,20,251243,140232,有正常成交迹象,
003470,유안타증권,KOSPI,2026-10-08,196902,20,196902,0,有正常成交迹象,
071055,한국금융지주우,KOSPI,2026-10-08,15416,20,15416,0,有正常成交迹象,
005180,빙그레,KOSPI,2026-10-08,26926,20,16826,10100,有正常成交迹象,
137310,에스디바이오센서,KOSPI,2026-10-08,275665,20,177932,97733,有正常成交迹象,
005690,파미셀,KOSPI,2026-10-08,630462,20,630462,0,有正常成交迹象,
365550,ESR켄달스퀘어리츠,KOSPI,2026-10-08,123143,20,123143,0,有正常成交迹象,
100090,SK오션플랜트,KOSPI,2026-10-08,375060,20,375060,0,有正常成交迹象,
000670,영풍,KOSPI,2026-10-08,62054,20,47075,14979,有正常成交迹象,
036530,SNT홀딩스,KOSPI,2026-10-08,32738,20,19948,12790,有正常成交迹象,
003850,보령,KOSPI,2026-10-08,104640,20,56355,48285,有正常成交迹象,
298050,HS효성첨단소재,KOSPI,2026-10-08,11591,20,9348,2243,有正常成交迹象,
499790,GS피앤엘,KOSPI,2026-10-08,39036,20,31706,7330,有正常成交迹象,
090460,비에이치,KOSPI,2026-10-08,1059665,20,506153,553512,有正常成交迹象,
214320,이노션,KOSPI,2026-10-08,65280,20,55587,9693,有正常成交迹象,
000400,롯데손해보험,KOSPI,2026-10-08,606008,20,606008,0,有正常成交迹象,
002960,한국쉘석유,KOSPI,2026-10-08,2151,20,1454,697,有正常成交迹象,
064960,SNT모티브,KOSPI,2026-10-08,63254,20,43229,20025,有正常成交迹象,
094800,맵스리얼티,KOSPI,2026-10-08,54401,20,54401,0,有正常成交迹象,
093050,LF,KOSPI,2026-10-08,35828,20,33236,2592,有正常成交迹象,
293940,신한알파리츠,KOSPI,2026-10-08,83282,20,83282,0,有正常成交迹象,
005090,SGC에너지,KOSPI,2026-10-08,105445,20,73085,32360,有正常成交迹象,
005880,대한해운,KOSPI,2026-10-08,667802,20,667802,0,有正常成交迹象,
014820,동원시스템즈,KOSPI,2026-10-08,45715,20,35243,10472,有正常成交迹象,
268280,미원에스씨,KOSPI,2026-10-08,3891,20,3614,277,有正常成交迹象,
069260,TKG휴켐스,KOSPI,2026-10-08,60544,20,52911,7633,有正常成交迹象,
456040,OCI,KOSPI,2026-10-08,34210,20,24068,10142,有正常成交迹象,
001570,금양,KOSPI,2026-10-08,0,0,0,0,疑似停牌/长期无成交,需进一步核验交易状态
002840,미원상사,KOSPI,2026-10-08,4441,20,3895,546,有正常成交迹象,
100840,SNT에너지,KOSPI,2026-10-08,206987,20,112238,94749,有正常成交迹象,
000640,동아쏘시오홀딩스,KOSPI,2026-10-08,8441,20,7552,889,有正常成交迹象,
004710,한솔테크닉스,KOSPI,2026-10-08,903851,20,903851,0,有正常成交迹象,
317450,명인제약,KOSPI,2026-10-08,12275,20,7518,4757,有正常成交迹象,
017940,E1,KOSPI,2026-10-08,5682,20,5091,591,有正常成交迹象,
017900,광전자,KOSPI,2026-10-08,1740942,20,1740942,0,有正常成交迹象,
453340,현대그린푸드,KOSPI,2026-10-08,36351,20,31761,4590,有正常成交迹象,
383800,LX홀딩스,KOSPI,2026-10-08,102981,20,62660,40321,有正常成交迹象,
001060,JW중외제약,KOSPI,2026-10-08,103193,20,64776,38417,有正常成交迹象,
001680,대상,KOSPI,2026-10-08,48061,20,34835,13226,有正常成交迹象,
108320,LX세미콘,KOSPI,2026-10-08,59927,20,36924,23003,有正常成交迹象,
178920,PI첨단소재,KOSPI,2026-10-08,111564,20,71472,40092,有正常成交迹象,
336370,솔루스첨단소재,KOSPI,2026-10-08,316843,20,233923,82920,有正常成交迹象,
192650,드림텍,KOSPI,2026-10-08,373546,20,373546,0,有正常成交迹象,
006650,대한유화,KOSPI,2026-10-08,36569,20,25320,11249,有正常成交迹象,
033240,자화전자,KOSPI,2026-10-08,105255,20,77765,27490,有正常成交迹象,
001530,DI동일,KOSPI,2026-10-08,134367,20,95262,39105,有正常成交迹象,
002350,넥센타이어,KOSPI,2026-10-08,157149,20,157149,0,有正常成交迹象,
079900,전진건설로봇,KOSPI,2026-10-08,60820,20,28683,32137,有正常成交迹象,
016380,KG스틸,KOSPI,2026-10-08,194108,20,194108,0,有正常成交迹象,
284740,쿠쿠홈시스,KOSPI,2026-10-08,19661,20,16052,3609,有正常成交迹象,
161000,애경케미칼,KOSPI,2026-10-08,974090,20,459424,514666,有正常成交迹象,
025540,한국단자,KOSPI,2026-10-08,22122,20,16337,5785,有正常成交迹象,
00104K,CJ4우(전환),KOSPI,2026-10-08,2297,20,2297,0,有正常成交迹象,
114090,GKL,KOSPI,2026-10-08,85788,20,62693,23095,有正常成交迹象,
00088K,한화3우B,KOSPI,2026-10-08,15442,20,15442,0,有正常成交迹象,
075580,세진중공업,KOSPI,2026-10-08,270980,20,139267,131713,有正常成交迹象,
003620,KG모빌리티,KOSPI,2026-10-08,268066,20,268066,0,有正常成交迹象,
003300,한일홀딩스,KOSPI,2026-10-08,6168,20,4366,1802,有正常成交迹象,
007700,F&F홀딩스,KOSPI,2026-10-08,7953,20,5533,2420,有正常成交迹象,
009410,태영건설,KOSPI,2026-10-08,121837,20,121837,0,有正常成交迹象,
008060,대덕,KOSPI,2026-10-08,72647,20,58468,14179,有正常成交迹象,
0220W0,한화머시너리앤서비스홀딩스,KOSPI,2026-10-08,3809077,20,3809077,0,有正常成交迹象,
019170,신풍제약,KOSPI,2026-10-08,2812423,20,858230,1954193,有正常成交迹象,
058650,세아홀딩스,KOSPI,2026-10-08,757,20,757,0,有正常成交迹象,
001270,부국증권,KOSPI,2026-10-08,5948,20,4236,1712,有正常成交迹象,
001510,SK증권,KOSPI,2026-10-08,1228994,20,1228994,0,有正常成交迹象,
029460,케이씨,KOSPI,2026-10-08,47638,20,35074,12564,有正常成交迹象,
484870,엠앤씨솔루션,KOSPI,2026-10-08,142689,20,87188,55501,有正常成交迹象,
005810,풍산홀딩스,KOSPI,2026-10-08,10492,20,5749,4743,有正常成交迹象,
452260,한화갤러리아,KOSPI,2026-10-08,815127,20,815127,0,有正常成交迹象,
003545,대신증권우,KOSPI,2026-10-08,45337,20,45337,0,有正常成交迹象,
377740,바이오노트,KOSPI,2026-10-08,41033,20,41033,0,有正常成交迹象,
145990,삼양사,KOSPI,2026-10-08,7614,20,7230,384,有正常成交迹象,
460860,동국제강,KOSPI,2026-10-08,772692,20,566729,205963,有正常成交迹象,
020000,한섬,KOSPI,2026-10-08,104966,20,80197,24769,有正常成交迹象,
448730,삼성FN리츠,KOSPI,2026-10-08,21528,20,21528,0,有正常成交迹象,
001500,현대차증권,KOSPI,2026-10-08,161980,20,119512,42468,有正常成交迹象,
004690,삼천리,KOSPI,2026-10-08,5865,20,5549,316,有正常成交迹象,
012030,DB,KOSPI,2026-10-08,3827444,20,3827444,0,有正常成交迹象,
039130,하나투어,KOSPI,2026-10-08,36713,20,20701,16012,有正常成交迹象,
005250,녹십자홀딩스,KOSPI,2026-10-08,115586,20,54327,61259,有正常成交迹象,
002240,고려제강,KOSPI,2026-10-08,31238,20,18046,13192,有正常成交迹象,
005420,코스모화학,KOSPI,2026-10-08,273327,20,168804,104523,有正常成交迹象,
009900,명신산업,KOSPI,2026-10-08,170845,20,103401,67444,有正常成交迹象,
249420,일동제약,KOSPI,2026-10-08,344841,20,172909,171932,有正常成交迹象,
002030,아세아,KOSPI,2026-10-08,2695,20,2342,353,有正常成交迹象,
003280,흥아해운,KOSPI,2026-10-08,2368983,20,2368983,0,有正常成交迹象,
000070,삼양홀딩스,KOSPI,2026-10-08,7835,20,4890,2945,有正常成交迹象,
004700,조광피혁,KOSPI,2026-10-08,554,20,358,196,有正常成交迹象,
003030,세아제강지주,KOSPI,2026-10-08,27632,20,23229,4403,有正常成交迹象,
217590,티엠씨,KOSPI,2026-10-08,1147756,20,1147756,0,有正常成交迹象,
010780,아이에스동서,KOSPI,2026-10-08,59336,20,47856,11480,有正常成交迹象,
034310,NICE,KOSPI,2026-10-08,8600,20,6910,1690,有正常成交迹象,
403550,쏘카,KOSPI,2026-10-08,14664,20,9971,4693,有正常成交迹象,
016610,DB증권,KOSPI,2026-10-08,51827,20,38856,12971,有正常成交迹象,
271940,일진하이솔루스,KOSPI,2026-10-08,39976,20,22920,17056,有正常成交迹象,
002990,금호건설,KOSPI,2026-10-08,775729,20,775729,0,有正常成交迹象,
014830,유니드,KOSPI,2026-10-08,18850,20,12497,6353,有正常成交迹象,
090435,아모레퍼시픽우,KOSPI,2026-10-08,12900,20,12900,0,有正常成交迹象,
306200,세아제강,KOSPI,2026-10-08,13320,20,9746,3574,有正常成交迹象,
072710,농심홀딩스,KOSPI,2026-10-08,2729,20,1674,1055,有正常成交迹象,
003000,부광약품,KOSPI,2026-10-08,448548,20,448548,0,有正常成交迹象,
011930,신성이엔지,KOSPI,2026-10-08,346118,20,346118,0,有正常成交迹象,
005945,NH투자증권우,KOSPI,2026-10-08,90037,20,90037,0,有正常成交迹象,
002810,삼영무역,KOSPI,2026-10-08,10127,20,6940,3187,有正常成交迹象,
357120,코람코라이프인프라리츠,KOSPI,2026-10-08,42501,20,42501,0,有正常成交迹象,
005389,현대차3우B,KOSPI,2026-10-08,13582,20,13582,0,有正常成交迹象,
031430,신세계인터내셔날,KOSPI,2026-10-08,233941,20,159511,74430,有正常成交迹象,
008730,율촌화학,KOSPI,2026-10-08,122483,20,90782,31701,有正常成交迹象,
001200,유진투자증권,KOSPI,2026-10-08,287546,20,287546,0,有正常成交迹象,
317400,자이에스앤디,KOSPI,2026-10-08,442687,20,442687,0,有正常成交迹象,
015360,INVENI,KOSPI,2026-10-08,29517,20,21548,7969,有正常成交迹象,
130660,한전산업,KOSPI,2026-10-08,161020,20,161020,0,有正常成交迹象,
092230,KPX홀딩스,KOSPI,2026-10-08,1333,20,916,417,有正常成交迹象,
344820,KCC글라스,KOSPI,2026-10-08,8556,20,5372,3184,有正常成交迹象,
003350,한국화장품제조,KOSPI,2026-10-08,1241222,20,1241222,0,有正常成交迹象,
029530,신도리코,KOSPI,2026-10-08,3099,20,2381,718,有正常成交迹象,
002710,TCC스틸,KOSPI,2026-10-08,1101644,20,394487,707157,有正常成交迹象,
126560,현대퓨처넷,KOSPI,2026-10-08,40065,20,40065,0,有正常成交迹象,
016590,신대양제지,KOSPI,2026-10-08,7912,20,5201,2711,有正常成交迹象,
027410,BGF,KOSPI,2026-10-08,125083,20,125083,0,有正常成交迹象,
089590,제주항공,KOSPI,2026-10-08,78826,20,78826,0,有正常成交迹象,
001940,KISCO홀딩스,KOSPI,2026-10-08,5611,20,3257,2354,有正常成交迹象,
006405,삼성SDI우,KOSPI,2026-10-08,7279,20,7279,0,有正常成交迹象,
950210,프레스티지바이오파마,KOSPI,2026-10-08,19680,20,19680,0,有正常成交迹象,
0120G0,삼양바이오팜,KOSPI,2026-10-08,38201,20,38201,0,有正常成交迹象,
183190,아세아시멘트,KOSPI,2026-10-08,51728,20,30993,20735,有正常成交迹象,
006220,제주은행,KOSPI,2026-10-08,102448,20,102448,0,有正常成交迹象,
010955,S-Oil우,KOSPI,2026-10-08,8096,20,8096,0,有正常成交迹象,
194370,제이에스코퍼레이션,KOSPI,2026-10-08,25903,20,15116,10787,有正常成交迹象,
105630,한세실업,KOSPI,2026-10-08,31010,20,22591,8419,有正常成交迹象,
007690,국도화학,KOSPI,2026-10-08,11407,20,7363,4044,有正常成交迹象,
145720,덴티움,KOSPI,2026-10-08,48383,20,33386,14997,有正常成交迹象,
005610,삼립,KOSPI,2026-10-08,3904,20,3243,661,有正常成交迹象,
092790,넥스틸,KOSPI,2026-10-08,211527,20,211527,0,有正常成交迹象,
009290,광동제약,KOSPI,2026-10-08,215726,20,215726,0,有正常成交迹象,
015860,일진홀딩스,KOSPI,2026-10-08,94233,20,94233,0,有正常成交迹象,
104700,한국철강,KOSPI,2026-10-08,25791,20,15102,10689,有正常成交迹象,
170900,동아에스티,KOSPI,2026-10-08,5051,20,3731,1320,有正常成交迹象,
060980,HL홀딩스,KOSPI,2026-10-08,13327,20,11695,1632,有正常成交迹象,
005720,넥센,KOSPI,2026-10-08,47644,20,47644,0,有正常成交迹象,
017810,풀무원,KOSPI,2026-10-08,15927,20,10091,5836,有正常成交迹象,
097520,엠씨넥스,KOSPI,2026-10-08,33998,20,28474,5524,有正常成交迹象,
024720,콜마홀딩스,KOSPI,2026-10-08,58011,20,44063,13948,有正常成交迹象,
009160,SIMPAC,KOSPI,2026-10-08,163515,20,163515,0,有正常成交迹象,
011760,현대코퍼레이션,KOSPI,2026-10-08,31835,20,22462,9373,有正常成交迹象,
000157,두산2우B,KOSPI,2026-10-08,207,20,207,0,有正常成交迹象,
000650,천일고속,KOSPI,2026-10-08,244960,20,244960,0,有正常成交迹象,
001230,동국홀딩스,KOSPI,2026-10-08,403137,20,403137,0,有正常成交迹象,
026890,스틱인베스트먼트,KOSPI,2026-10-08,55651,20,54145,1506,有正常成交迹象,
02826K,삼성물산우B,KOSPI,2026-10-08,4226,20,4226,0,有正常成交迹象,
381970,KG모빌리티플랫폼,KOSPI,2026-10-08,65856,20,52432,13424,有正常成交迹象,
084010,대한제강,KOSPI,2026-10-08,523695,20,144915,378780,有正常成交迹象,
096760,JW홀딩스,KOSPI,2026-10-08,76856,20,76856,0,有正常成交迹象,
272450,진에어,KOSPI,2026-10-08,37028,20,37028,0,有正常成交迹象,
005430,한국공항,KOSPI,2026-10-08,5005,20,5005,0,有正常成交迹象,
126720,수산인더스트리,KOSPI,2026-10-08,58735,20,31239,27496,有正常成交迹象,
002310,아세아제지,KOSPI,2026-10-08,30798,20,30798,0,有正常成交迹象,
200880,서연이화,KOSPI,2026-10-08,40105,20,23464,16641,有正常成交迹象,
003120,일성아이에스,KOSPI,2026-10-08,15747,20,14371,1376,有正常成交迹象,
005950,이수화학,KOSPI,2026-10-08,190999,20,190999,0,有正常成交迹象,
123890,한국자산신탁,KOSPI,2026-10-08,51394,20,51394,0,有正常成交迹象,
018250,애경산업,KOSPI,2026-10-08,21178,20,21178,0,有正常成交迹象,
025860,남해화학,KOSPI,2026-10-08,161060,20,161060,0,有正常成交迹象,
002020,코오롱,KOSPI,2026-10-08,27752,20,17249,10503,有正常成交迹象,
078520,에이블씨엔씨,KOSPI,2026-10-08,95360,20,63109,32251,有正常成交迹象,
108670,LX하우시스,KOSPI,2026-10-08,15655,20,11379,4276,有正常成交迹象,
001750,한양증권,KOSPI,2026-10-08,15526,20,7338,8188,有正常成交迹象,
033270,유나이티드제약,KOSPI,2026-10-08,15762,20,10788,4974,有正常成交迹象,
244920,에이플러스에셋,KOSPI,2026-10-08,24457,20,24457,0,有正常成交迹象,
084690,대상홀딩스,KOSPI,2026-10-08,31782,20,14363,17419,有正常成交迹象,
010820,퍼스텍,KOSPI,2026-10-08,311486,20,311486,0,有正常成交迹象,
034830,한국토지신탁,KOSPI,2026-10-08,183853,20,183853,0,有正常成交迹象,
016800,퍼시스,KOSPI,2026-10-08,1789,20,1261,528,有正常成交迹象,
044450,KSS해운,KOSPI,2026-10-08,53392,20,53392,0,有正常成交迹象,
004430,송원산업,KOSPI,2026-10-08,53204,20,53204,0,有正常成交迹象,
122900,아이마켓코리아,KOSPI,2026-10-08,49482,20,49482,0,有正常成交迹象,
001390,KG케미칼,KOSPI,2026-10-08,149437,20,149437,0,有正常成交迹象,
000430,대원강업,KOSPI,2026-10-08,53279,20,53279,0,有正常成交迹象,
005500,삼진제약,KOSPI,2026-10-08,74607,20,45115,29492,有正常成交迹象,
017390,서울가스,KOSPI,2026-10-08,4138,20,3359,779,有正常成交迹象,
002900,TYM,KOSPI,2026-10-08,77083,20,77083,0,有正常成交迹象,
286940,롯데이노베이트,KOSPI,2026-10-08,8240,20,6080,2160,有正常成交迹象,
058430,포스코스틸리온,KOSPI,2026-10-08,143991,20,143991,0,有正常成交迹象,
001250,GS글로벌,KOSPI,2026-10-08,990493,20,990493,0,有正常成交迹象,
091810,트리니티항공,KOSPI,2026-10-08,25343,20,25343,0,有正常成交迹象,
003200,일신방직,KOSPI,2026-10-08,908606,20,189588,719018,有正常成交迹象,
002320,한진,KOSPI,2026-10-08,99527,20,64138,35389,有正常成交迹象,
004360,세방,KOSPI,2026-10-08,32539,20,27511,5028,有正常成交迹象,
010580,에스엠벡셀,KOSPI,2026-10-08,7448876,20,7448876,0,有正常成交迹象,
010690,화신,KOSPI,2026-10-08,87622,20,87622,0,有正常成交迹象,
020120,키다리스튜디오,KOSPI,2026-10-08,909865,20,909865,0,有正常成交迹象,
037710,광주신세계,KOSPI,2026-10-08,52159,20,14029,38130,有正常成交迹象,
334890,이지스밸류플러스리츠,KOSPI,2026-10-08,44291,20,44291,0,有正常成交迹象,
005680,삼영전자,KOSPI,2026-10-08,31479,20,31479,0,有正常成交迹象,
003960,사조대림,KOSPI,2026-10-08,3612,20,3280,332,有正常成交迹象,
004310,현대약품,KOSPI,2026-10-08,724625,20,724625,0,有正常成交迹象,
105840,우진,KOSPI,2026-10-08,244894,20,244894,0,有正常成交迹象,
226320,잇츠한불,KOSPI,2026-10-08,58682,20,33408,25274,有正常成交迹象,
432320,KB스타리츠,KOSPI,2026-10-08,160509,20,160509,0,有正常成交迹象,
025000,KPX케미칼,KOSPI,2026-10-08,3099,20,3099,0,有正常成交迹象,
298690,에어부산,KOSPI,2026-10-08,25260,20,25260,0,有正常成交迹象,
001790,대한제당,KOSPI,2026-10-08,62804,20,62804,0,有正常成交迹象,
136490,선진,KOSPI,2026-10-08,34982,20,34982,0,有正常成交迹象,
030210,다올투자증권,KOSPI,2026-10-08,181712,20,181712,0,有正常成交迹象,
007160,사조산업,KOSPI,2026-10-08,2096,20,783,1313,有正常成交迹象,
001460,BYC,KOSPI,2026-10-08,1751,20,1513,238,有正常成交迹象,
404990,신한서부티엔디리츠,KOSPI,2026-10-08,33325,20,33325,0,有正常成交迹象,
0030R0,대신밸류리츠,KOSPI,2026-10-08,17186,20,17186,0,有正常成交迹象,
003920,남양유업,KOSPI,2026-10-08,2204,20,1589,615,有正常成交迹象,
008490,서흥,KOSPI,2026-10-08,24950,20,17453,7497,有正常成交迹象,
044820,코스맥스비티아이,KOSPI,2026-10-08,32179,20,32179,0,有正常成交迹象,
348950,제이알글로벌리츠,KOSPI,2026-10-08,0,0,0,0,疑似停牌/长期无成交,需进一步核验交易状态
001340,PKC,KOSPI,2026-10-08,72751,20,72751,0,有正常成交迹象,
011500,한농화성,KOSPI,2026-10-08,75448,20,75448,0,有正常成交迹象,
000680,LS네트웍스,KOSPI,2026-10-08,47892,20,47892,0,有正常成交迹象,
003070,코오롱글로벌,KOSPI,2026-10-08,6181,20,6181,0,有正常成交迹象,
134380,미원화학,KOSPI,2026-10-08,1700,20,1700,0,有正常成交迹象,
001470,삼부토건,KOSPI,2026-10-08,0,0,0,0,疑似停牌/长期无成交,需进一步核验交易状态
017860,DS단석,KOSPI,2026-10-08,60161,20,60161,0,有正常成交迹象,
092200,디아이씨,KOSPI,2026-10-08,190402,20,190402,0,有正常成交迹象,
900140,엘브이엠씨홀딩스,KOSPI,2026-10-08,213654,20,213654,0,有正常成交迹象,
000050,경방,KOSPI,2026-10-08,34072,20,34072,0,有正常成交迹象,
028100,동아지질,KOSPI,2026-10-08,30167,20,30167,0,有正常成交迹象,
025560,미래산업,KOSPI,2026-10-08,297559,20,297559,0,有正常成交迹象,
005010,휴스틸,KOSPI,2026-10-08,222479,20,222479,0,有正常成交迹象,
000540,흥국화재,KOSPI,2026-10-08,21127,20,21127,0,有正常成交迹象,
003720,삼영,KOSPI,2026-10-08,134299,20,134299,0,有正常成交迹象,
009680,모토닉,KOSPI,2026-10-08,9103,20,7508,1595,有正常成交迹象,
053690,한미글로벌,KOSPI,2026-10-08,81224,20,81224,0,有正常成交迹象,
034120,SBS,KOSPI,2026-10-08,8311,20,2807,5504,有正常成交迹象,
077500,유니퀘스트,KOSPI,2026-10-08,251100,20,251100,0,有正常成交迹象,
000490,대동,KOSPI,2026-10-08,71377,20,71377,0,有正常成交迹象,
003650,미창석유,KOSPI,2026-10-08,641,20,641,0,有正常成交迹象,
475560,더본코리아,KOSPI,2026-10-08,16526,20,16526,0,有正常成交迹象,
128820,대성산업,KOSPI,2026-10-08,4941243,20,4941243,0,有正常成交迹象,
03473K,SK우,KOSPI,2026-10-08,1324,20,1324,0,有正常成交迹象,
033920,무학,KOSPI,2026-10-08,19558,20,19558,0,有正常成交迹象,
035510,신세계 I&C,KOSPI,2026-10-08,76776,20,76776,0,有正常成交迹象,
088260,이리츠코크렙,KOSPI,2026-10-08,22499,20,22499,0,有正常成交迹象,
003555,LG우,KOSPI,2026-10-08,3959,20,3959,0,有正常成交迹象,
035150,백산,KOSPI,2026-10-08,16916,20,15600,1316,有正常成交迹象,
000480,CR홀딩스,KOSPI,2026-10-08,12112,20,12112,0,有正常成交迹象,
000320,노루홀딩스,KOSPI,2026-10-08,12473,20,10425,2048,有正常成交迹象,
004980,성신양회,KOSPI,2026-10-08,60836,20,46809,14027,有正常成交迹象,
000390,SP삼화,KOSPI,2026-10-08,55088,20,55088,0,有正常成交迹象,
037270,YG PLUS,KOSPI,2026-10-08,110680,20,110680,0,有正常成交迹象,
051905,LG생활건강우,KOSPI,2026-10-08,3390,20,3390,0,有正常成交迹象,
117580,대성에너지,KOSPI,2026-10-08,49303,20,49303,0,有正常成交迹象,
298000,효성화학,KOSPI,2026-10-08,12398,20,12398,0,有正常成交迹象,
339770,교촌에프앤비,KOSPI,2026-10-08,63521,20,63521,0,有正常成交迹象,
100250,진양홀딩스,KOSPI,2026-10-08,25488,20,25488,0,有正常成交迹象,
095570,AJ네트웍스,KOSPI,2026-10-08,44032,20,44032,0,有正常成交迹象,
053210,스카이라이프,KOSPI,2026-10-08,12256,20,12256,0,有正常成交迹象,
039570,HDC랩스,KOSPI,2026-10-08,4567,20,4567,0,有正常成交迹象,
102460,이연제약,KOSPI,2026-10-08,29229,20,29229,0,有正常成交迹象,
005960,동부건설,KOSPI,2026-10-08,35916,20,35916,0,有正常成交迹象,
001130,대한제분,KOSPI,2026-10-08,16071,20,14522,1549,有正常成交迹象,
016580,환인제약,KOSPI,2026-10-08,13847,20,13847,0,有正常成交迹象,
013580,계룡건설,KOSPI,2026-10-08,30430,20,30430,0,有正常成交迹象,
003520,영진약품,KOSPI,2026-10-08,181923,20,181923,0,有正常成交迹象,
487570,HS효성,KOSPI,2026-10-08,2814,20,2814,0,有正常成交迹象,
102260,동성케미컬,KOSPI,2026-10-08,59593,20,59593,0,有正常成交迹象,
001630,종근당홀딩스,KOSPI,2026-10-08,3038,20,2691,347,有正常成交迹象,
033530,SJG세종,KOSPI,2026-10-08,51804,20,51804,0,有正常成交迹象,
003220,대원제약,KOSPI,2026-10-08,132805,20,50776,82029,有正常成交迹象,
003547,대신증권2우B,KOSPI,2026-10-08,18803,20,18803,0,有正常成交迹象,
000520,삼일제약,KOSPI,2026-10-08,46555,20,46555,0,有正常成交迹象,
009470,삼화전기,KOSPI,2026-10-08,39064,20,39064,0,有正常成交迹象,
002420,우양피앤엘,KOSPI,2026-10-08,16299,20,16299,0,有正常成交迹象,
000140,하이트진로홀딩스,KOSPI,2026-10-08,5993,20,5993,0,有正常成交迹象,
004560,현대비앤지스틸,KOSPI,2026-10-08,18752,20,18752,0,有正常成交迹象,
015230,대창단조,KOSPI,2026-10-08,28901,20,28901,0,有正常成交迹象,
003610,방림,KOSPI,2026-10-08,10085,20,10085,0,有正常成交迹象,
002100,경농,KOSPI,2026-10-08,6189,20,6189,0,有正常成交迹象,
377190,디앤디플랫폼리츠,KOSPI,2026-10-08,138220,20,138220,0,有正常成交迹象,
000700,유수홀딩스,KOSPI,2026-10-08,35383,20,35383,0,有正常成交迹象,
007860,서연,KOSPI,2026-10-08,13961,20,13961,0,有正常成交迹象,
000300,DH오토넥스,KOSPI,2026-10-08,0,0,0,0,疑似停牌/长期无成交,需进一步核验交易状态
234080,JW생명과학,KOSPI,2026-10-08,14575,20,14575,0,有正常成交迹象,
016450,한세예스24홀딩스,KOSPI,2026-10-08,3489,20,3489,0,有正常成交迹象,
014710,사조씨푸드,KOSPI,2026-10-08,3158,20,3158,0,有正常成交迹象,
213500,한솔제지,KOSPI,2026-10-08,17329,20,17329,0,有正常成交迹象,
003460,유화증권,KOSPI,2026-10-08,49692,20,49692,0,有正常成交迹象,
090350,노루페인트,KOSPI,2026-10-08,30164,20,30164,0,有正常成交迹象,
001780,알루코,KOSPI,2026-10-08,9989636,20,9989636,0,有正常成交迹象,
002150,도화엔지니어링,KOSPI,2026-10-08,35354,20,35354,0,有正常成交迹象,
000860,강남제비스코,KOSPI,2026-10-08,3692,20,3692,0,有正常成交迹象,
241590,화승엔터프라이즈,KOSPI,2026-10-08,24964,20,24964,0,有正常成交迹象,
101530,해태제과식품,KOSPI,2026-10-08,0,7,0,0,有正常成交迹象,
004380,삼익THK,KOSPI,2026-10-08,9167,20,9167,0,有正常成交迹象,
460850,동국씨엠,KOSPI,2026-10-08,23222,20,23222,0,有正常成交迹象,
002170,SYTS,KOSPI,2026-10-08,1532,20,1532,0,有正常成交迹象,
400760,NH올원리츠,KOSPI,2026-10-08,24455,20,24455,0,有正常成交迹象,
00279K,아모레퍼시픽홀딩스3우C,KOSPI,2026-10-08,1284,20,1284,0,有正常成交迹象,
007570,일양약품,KOSPI,2026-10-08,23733,20,23733,0,有正常成交迹象,
293480,하나제약,KOSPI,2026-10-08,11916,20,11916,0,有正常成交迹象,
001045,CJ우,KOSPI,2026-10-08,624,20,624,0,有正常成交迹象,
000020,동화약품,KOSPI,2026-10-08,362921,20,362921,0,有正常成交迹象,
000970,한국주철관,KOSPI,2026-10-08,10892,20,10892,0,有正常成交迹象,
272550,삼양패키징,KOSPI,2026-10-08,6015,20,6015,0,有正常成交迹象,
271980,제일약품,KOSPI,2026-10-08,22276,20,22276,0,有正常成交迹象,
004090,한국석유,KOSPI,2026-10-08,90855,20,90855,0,有正常成交迹象,
008970,KBI동양철관,KOSPI,2026-10-08,2060030,20,2060030,0,有正常成交迹象,
097955,CJ제일제당 우,KOSPI,2026-10-08,1747,20,1747,0,有正常成交迹象,
462520,조선내화,KOSPI,2026-10-08,42694,20,42694,0,有正常成交迹象,
013890,지누스,KOSPI,2026-10-08,24259,20,17530,6729,有正常成交迹象,
011785,금호석유화학우,KOSPI,2026-10-08,7355,20,7355,0,有正常成交迹象,
004150,한솔홀딩스,KOSPI,2026-10-08,38368,20,38368,0,有正常成交迹象,
016880,웅진,KOSPI,2026-10-08,87985,20,87985,0,有正常成交迹象,
004970,신라교역,KOSPI,2026-10-08,8527,20,8527,0,有正常成交迹象,
003830,대한화섬,KOSPI,2026-10-08,337,20,337,0,有正常成交迹象,
006805,미래에셋증권우,KOSPI,2026-10-08,28699,20,28699,0,有正常成交迹象,
012610,경인양행,KOSPI,2026-10-08,79797,20,79797,0,有正常成交迹象,
008350,남선알미늄,KOSPI,2026-10-08,1105751,20,1105751,0,有正常成交迹象,
015890,태경산업,KOSPI,2026-10-08,29465,20,29465,0,有正常成交迹象,
025820,이구산업,KOSPI,2026-10-08,83690,20,83690,0,有正常成交迹象,
071840,롯데하이마트,KOSPI,2026-10-08,7716,20,7716,0,有正常成交迹象,
003480,한진중공업홀딩스,KOSPI,2026-10-08,9948,20,9948,0,有正常成交迹象,
001080,만호제강,KOSPI,2026-10-08,13848,20,13848,0,有正常成交迹象,
107590,미원홀딩스,KOSPI,2026-10-08,76,20,76,0,有正常成交迹象,
094280,효성ITX,KOSPI,2026-10-08,3642,20,3642,0,有正常成交迹象,
014280,금강공업,KOSPI,2026-10-08,124711,20,124711,0,有正常成交迹象,
011690,와이투솔루션,KOSPI,2026-10-08,116658,20,116658,0,有正常成交迹象,
003580,HLB글로벌,KOSPI,2026-10-08,5269290,20,5269290,0,有正常成交迹象,
018470,조일알미늄,KOSPI,2026-10-08,106114,17,106114,0,有正常成交迹象,
081000,일진다이아,KOSPI,2026-10-08,9260,20,9260,0,有正常成交迹象,
004080,신흥,KOSPI,2026-10-08,4694,20,4694,0,有正常成交迹象,
214390,경보제약,KOSPI,2026-10-08,14960,20,14960,0,有正常成交迹象,
024090,디씨엠,KOSPI,2026-10-08,2831,20,2831,0,有正常成交迹象,
001360,삼성제약,KOSPI,2026-10-08,300121,20,300121,0,有正常成交迹象,
004960,한신공영,KOSPI,2026-10-08,9812,20,9812,0,有正常成交迹象,
009070,KCTC,KOSPI,2026-10-08,131785,20,131785,0,有正常成交迹象,
006060,화승인더,KOSPI,2026-10-08,52233,20,52233,0,有正常成交迹象,
078000,텔코웨어,KOSPI,2026-10-08,743,20,743,0,有正常成交迹象,
092220,KEC,KOSPI,2026-10-08,285286,20,285286,0,有正常成交迹象,
002210,동성제약,KOSPI,2026-10-08,38231,20,38231,0,有正常成交迹象,
009270,신원,KOSPI,2026-10-08,132701,20,132701,0,有正常成交迹象,
089470,HDC현대EP,KOSPI,2026-10-08,19195,20,19195,0,有正常成交迹象,
267290,경동도시가스,KOSPI,2026-10-08,1023,20,1023,0,有正常成交迹象,
013520,화승코퍼레이션,KOSPI,2026-10-08,133977,20,133977,0,有正常成交迹象,
002620,제일파마홀딩스,KOSPI,2026-10-08,2894,20,2894,0,有正常成交迹象,
005800,신영와코루,KOSPI,2026-10-08,1245,20,1245,0,有正常成交迹象,
210540,디와이파워,KOSPI,2026-10-08,40411,20,40411,0,有正常成交迹象,
001520,동양,KOSPI,2026-10-08,384588,20,384588,0,有正常成交迹象,
037560,LG헬로비전,KOSPI,2026-10-08,62191,20,62191,0,有正常成交迹象,
002390,한독,KOSPI,2026-10-08,2592,20,2592,0,有正常成交迹象,
214420,토니모리,KOSPI,2026-10-08,77024,20,77024,0,有正常成交迹象,
015590,DKME,KOSPI,2026-10-08,38291,20,38291,0,有正常成交迹象,
350520,이지스레지던스리츠,KOSPI,2026-10-08,4892,20,4892,0,有正常成交迹象,
004100,태양금속,KOSPI,2026-10-08,336056,20,336056,0,有正常成交迹象,
014530,극동유화,KOSPI,2026-10-08,80697,20,80697,0,有正常成交迹象,
034590,인천도시가스,KOSPI,2026-10-08,660,20,660,0,有正常成交迹象,
016740,두올,KOSPI,2026-10-08,46063,20,46063,0,有正常成交迹象,
227840,현대코퍼레이션홀딩스,KOSPI,2026-10-08,15029,20,15029,0,有正常成交迹象,
083420,그린케미칼,KOSPI,2026-10-08,21425,20,21425,0,有正常成交迹象,
002460,HS화성,KOSPI,2026-10-08,6261,20,6261,0,有正常成交迹象,
012320,경동인베스트,KOSPI,2026-10-08,8209,20,8209,0,有正常成交迹象,
079430,현대리바트,KOSPI,2026-10-08,8937,20,8937,0,有正常成交迹象,
017550,수산세보틱스,KOSPI,2026-10-08,169103,20,169103,0,有正常成交迹象,
016710,대성홀딩스,KOSPI,2026-10-08,5986,20,5986,0,有正常成交迹象,
084670,동양고속,KOSPI,2026-10-08,1435338,20,1435338,0,有正常成交迹象,
023450,동남합성,KOSPI,2026-10-08,385,20,385,0,有正常成交迹象,
008040,사조동아원,KOSPI,2026-10-08,7399,20,7399,0,有正常成交迹象,
011810,STX,KOSPI,2026-10-08,0,0,0,0,疑似停牌/长期无成交,需进一步核验交易状态
013570,디와이,KOSPI,2026-10-08,17531,20,17531,0,有正常成交迹象,
014580,태경비케이,KOSPI,2026-10-08,38415,20,38415,0,有正常成交迹象,
009580,무림P&P,KOSPI,2026-10-08,211219,20,211219,0,有正常成交迹象,
001210,금호전기,KOSPI,2026-10-08,544561,20,544561,0,有正常成交迹象,
012200,계양전기,KOSPI,2026-10-08,258874,20,258874,0,有正常成交迹象,
021820,세원정공,KOSPI,2026-10-08,6103,20,6103,0,有正常成交迹象,
011280,태림포장,KOSPI,2026-10-08,20500,20,20500,0,有正常成交迹象,
004250,NPC,KOSPI,2026-10-08,24005,20,24005,0,有正常成交迹象,
078935,GS우,KOSPI,2026-10-08,3245,20,3245,0,有正常成交迹象,
012800,대창,KOSPI,2026-10-08,295301,20,295301,0,有正常成交迹象,
120030,조선선재,KOSPI,2026-10-08,401,20,401,0,有正常成交迹象,
035000,HS애드,KOSPI,2026-10-08,27031,20,27031,0,有正常成交迹象,
006660,삼성공조,KOSPI,2026-10-08,74658,20,74658,0,有正常成交迹象,
010100,한국무브넥스,KOSPI,2026-10-08,31577,20,31577,0,有正常成交迹象,
027970,한국제지,KOSPI,2026-10-08,10393,20,10393,0,有正常成交迹象,
123690,한국화장품,KOSPI,2026-10-08,63381,20,63381,0,有正常成交迹象,
003010,혜인,KOSPI,2026-10-08,372252,20,372252,0,有正常成交迹象,
267850,아시아나IDT,KOSPI,2026-10-08,2613,20,2613,0,有正常成交迹象,
025620,차AI헬스케어,KOSPI,2026-10-08,11036,20,11036,0,有正常成交迹象,
119650,KC코트렐,KOSPI,2026-10-08,0,0,0,0,疑似停牌/长期无成交,需进一步核验交易状态
248170,샘표식품,KOSPI,2026-10-08,16767,20,16767,0,有正常成交迹象,
002450,삼익악기,KOSPI,2026-10-08,82122,20,82122,0,有正常成交迹象,
067830,세이브존I&C,KOSPI,2026-10-08,37874,20,37874,0,有正常成交迹象,
417310,코람코더원리츠,KOSPI,2026-10-08,38276,20,38276,0,有正常成交迹象,
264900,크라운제과,KOSPI,2026-10-08,2284,20,2284,0,有正常成交迹象,
002780,진흥기업,KOSPI,2026-10-08,36648,20,36648,0,有正常成交迹象,
007210,벽산,KOSPI,2026-10-08,100586,20,100586,0,有正常成交迹象,
008700,아남전자,KOSPI,2026-10-08,102301,20,102301,0,有正常成交迹象,
007540,샘표,KOSPI,2026-10-08,7492,20,7492,0,有正常成交迹象,
032560,황금에스티,KOSPI,2026-10-08,21956,20,21956,0,有正常成交迹象,
014440,영보화학,KOSPI,2026-10-08,14750,20,14750,0,有正常成交迹象,
096775,SK이노베이션우,KOSPI,2026-10-08,5233,20,5233,0,有正常成交迹象,
013700,까뮤이앤씨,KOSPI,2026-10-08,139888,20,139888,0,有正常成交迹象,
070960,모나용평,KOSPI,2026-10-08,251732,20,251732,0,有正常成交迹象,
014790,HL D&I,KOSPI,2026-10-08,39208,20,39208,0,有正常成交迹象,
002200,한국수출포장,KOSPI,2026-10-08,14045,20,14045,0,有正常成交迹象,
37550L,DL이앤씨2우(전환),KOSPI,2026-10-08,2519,20,2519,0,有正常成交迹象,
001275,부국증권우,KOSPI,2026-10-08,585,20,585,0,有正常成交迹象,
363280,티와이홀딩스,KOSPI,2026-10-08,14678,20,14678,0,有正常成交迹象,
036580,팜스코,KOSPI,2026-10-08,38493,20,38493,0,有正常成交迹象,
008260,NI스틸,KOSPI,2026-10-08,49892,20,49892,0,有正常成交迹象,
058850,KTcs,KOSPI,2026-10-08,43524,20,43524,0,有正常成交迹象,
058860,KTis,KOSPI,2026-10-08,36839,20,36839,0,有正常成交迹象,
002720,국제약품,KOSPI,2026-10-08,21080777,20,21080777,0,有正常成交迹象,
001290,상상인증권,KOSPI,2026-10-08,24603,19,24603,0,有正常成交迹象,
019180,티에이치엔,KOSPI,2026-10-08,31415,20,31415,0,有正常成交迹象,
006840,AK홀딩스,KOSPI,2026-10-08,11652,20,11652,0,有正常成交迹象,
139990,아주스틸,KOSPI,2026-10-08,27909,20,27909,0,有正常成交迹象,
023000,삼원강재,KOSPI,2026-10-08,36249,20,36249,0,有正常成交迹象,
004140,동방,KOSPI,2026-10-08,75030,20,75030,0,有正常成交迹象,
006090,사조오양,KOSPI,2026-10-08,1703,20,1703,0,有正常成交迹象,
004890,동일산업,KOSPI,2026-10-08,534,20,534,0,有正常成交迹象,
002600,조흥,KOSPI,2026-10-08,3,20,3,0,有正常成交迹象,
007980,TP,KOSPI,2026-10-08,79401,20,79401,0,有正常成交迹象,
055490,테이팩스,KOSPI,2026-10-08,30869,20,30869,0,有正常成交迹象,
000590,CS홀딩스,KOSPI,2026-10-08,1073,20,1073,0,有正常成交迹象,
011700,한신기계,KOSPI,2026-10-08,171639,20,171639,0,有正常成交迹象,
002220,한일철강,KOSPI,2026-10-08,444160,20,444160,0,有正常成交迹象,
000850,화천기공,KOSPI,2026-10-08,2637,20,2637,0,有正常成交迹象,
33626K,두산퓨얼셀1우,KOSPI,2026-10-08,10488,20,10488,0,有正常成交迹象,
001260,남광토건,KOSPI,2026-10-08,39386,20,39386,0,有正常成交迹象,
023800,인지컨트롤스,KOSPI,2026-10-08,17470,20,17470,0,有正常成交迹象,
009180,한솔로지스틱스,KOSPI,2026-10-08,36727,20,36727,0,有正常成交迹象,
111380,동인기연,KOSPI,2026-10-08,1161,20,1161,0,有正常成交迹象,
069730,DSR제강,KOSPI,2026-10-08,6645,20,6645,0,有正常成交迹象,
063160,종근당바이오,KOSPI,2026-10-08,83360,20,83360,0,有正常成交迹象,
004840,DRB동일,KOSPI,2026-10-08,38999,20,38999,0,有正常成交迹象,
163560,동일고무벨트,KOSPI,2026-10-08,9102,20,9102,0,有正常成交迹象,
007590,동방아그로,KOSPI,2026-10-08,359,20,359,0,有正常成交迹象,
005740,크라운해태홀딩스,KOSPI,2026-10-08,13227,20,13227,0,有正常成交迹象,
480370,씨케이솔루션,KOSPI,2026-10-08,1403665,20,1403665,0,有正常成交迹象,
010960,삼호개발,KOSPI,2026-10-08,41384,20,41384,0,有正常成交迹象,
109070,주성코퍼레이션,KOSPI,2026-10-08,12549,8,12549,0,有正常成交迹象,
000105,유한양행우,KOSPI,2026-10-08,631,20,631,0,有正常成交迹象,
007610,선도전기,KOSPI,2026-10-08,265712,20,265712,0,有正常成交迹象,
214330,금호에이치티,KOSPI,2026-10-08,30183,20,30183,0,有正常成交迹象,
013360,일성건설,KOSPI,2026-10-08,139607,20,139607,0,有正常成交迹象,
013870,지엠비코리아,KOSPI,2026-10-08,7284,20,7284,0,有正常成交迹象,
002700,신일전자,KOSPI,2026-10-08,421324,20,421324,0,有正常成交迹象,
000230,일동홀딩스,KOSPI,2026-10-08,5958,20,5958,0,有正常成交迹象,
002795,아모레퍼시픽홀딩스우,KOSPI,2026-10-08,1396,20,1396,0,有正常成交迹象,
014160,대영포장,KOSPI,2026-10-08,0,7,0,0,有正常成交迹象,
120115,코오롱인더우,KOSPI,2026-10-08,3435,20,3435,0,有正常成交迹象,
005750,대림바스,KOSPI,2026-10-08,22715,20,22715,0,有正常成交迹象,
024900,디와이덕양,KOSPI,2026-10-08,67207,20,67207,0,有正常成交迹象,
031820,아이티센씨티에스,KOSPI,2026-10-08,27886,20,27886,0,有正常成交迹象,
338100,NH프라임리츠,KOSPI,2026-10-08,74747,20,74747,0,有正常成交迹象,
010040,한국내화,KOSPI,2026-10-08,9206,20,9206,0,有正常成交迹象,
071090,하이스틸,KOSPI,2026-10-08,201582,20,201582,0,有正常成交迹象,
009770,삼정펄프,KOSPI,2026-10-08,2342,20,2342,0,有正常成交迹象,
001020,페이퍼코리아,KOSPI,2026-10-08,7749,20,7749,0,有正常成交迹象,
001560,제일연마,KOSPI,2026-10-08,2974,20,2974,0,有正常成交迹象,
155660,DSR,KOSPI,2026-10-08,30156,20,30156,0,有正常成交迹象,
095720,웅진씽크빅,KOSPI,2026-10-08,29408,20,29408,0,有正常成交迹象,
004440,삼일씨엔에스,KOSPI,2026-10-08,28342,20,28342,0,有正常成交迹象,
011150,CJ씨푸드,KOSPI,2026-10-08,47099,20,47099,0,有正常成交迹象,
007280,한국특강,KOSPI,2026-10-08,42844,20,42844,0,有正常成交迹象,
079980,휴비스,KOSPI,2026-10-08,34929,20,34929,0,有正常成交迹象,
000180,성창기업지주,KOSPI,2026-10-08,13225,20,13225,0,有正常成交迹象,
010660,화천기계,KOSPI,2026-10-08,37196,20,37196,0,有正常成交迹象,
017370,우신시스템,KOSPI,2026-10-08,14351,20,14351,0,有正常成交迹象,
007815,코리아써우,KOSPI,2026-10-08,215,20,215,0,有正常成交迹象,
019680,대교,KOSPI,2026-10-08,25851,18,25851,0,有正常成交迹象,
085310,엔케이,KOSPI,2026-10-08,14239,20,14239,0,有正常成交迹象,
004720,팜젠사이언스,KOSPI,2026-10-08,11796,20,11796,0,有正常成交迹象,
100220,비상교육,KOSPI,2026-10-08,9200,20,9200,0,有正常成交迹象,
058730,다스코,KOSPI,2026-10-08,154623,20,154623,0,有正常成交迹象,
016090,대현,KOSPI,2026-10-08,17953,20,17953,0,有正常成交迹象,
004770,써니전자,KOSPI,2026-10-08,401926,20,401926,0,有正常成交迹象,
009200,무림페이퍼,KOSPI,2026-10-08,21515,20,21515,0,有正常成交迹象,
068290,삼성출판사,KOSPI,2026-10-08,3730,20,3730,0,有正常成交迹象,
084680,이월드,KOSPI,2026-10-08,62064,6,62064,0,有正常成交迹象,
018500,동원모빌리티,KOSPI,2026-10-08,66702,20,66702,0,有正常成交迹象,
000220,유유제약,KOSPI,2026-10-08,45454,20,45454,0,有正常成交迹象,
005870,휴니드,KOSPI,2026-10-08,50088,20,50088,0,有正常成交迹象,
35320K,대덕전자1우,KOSPI,2026-10-08,14707,20,14707,0,有正常成交迹象,
072130,유엔젤,KOSPI,2026-10-08,17946,20,17946,0,有正常成交迹象,
004450,삼화왕관,KOSPI,2026-10-08,563,20,563,0,有正常成交迹象,
002760,보락,KOSPI,2026-10-08,46418,20,46418,0,有正常成交迹象,
014990,인디에프,KOSPI,2026-10-08,114565,20,114565,0,有正常成交迹象,
001465,BYC우,KOSPI,2026-10-08,1158,20,1158,0,有正常成交迹象,
372910,한컴라이프케어,KOSPI,2026-10-08,157574,20,157574,0,有正常成交迹象,
0220WL,한화머시너리앤서비스홀딩스3우B,KOSPI,2026-10-08,517228,20,517228,0,有正常成交迹象,
111110,호전실업,KOSPI,2026-10-08,2537,20,2537,0,有正常成交迹象,
003925,남양유업우,KOSPI,2026-10-08,996,20,996,0,有正常成交迹象,
129260,인터지스,KOSPI,2026-10-08,23420,20,23420,0,有正常成交迹象,
006890,태경케미컬,KOSPI,2026-10-08,27370,20,27370,0,有正常成交迹象,
210980,SK디앤디,KOSPI,2026-10-08,88483,20,88483,0,有正常成交迹象,
003465,유화증권우,KOSPI,2026-10-08,11,20,11,0,有正常成交迹象,
003780,진양산업,KOSPI,2026-10-08,168394,20,168394,0,有正常成交迹象,
020760,일진디스플,KOSPI,2026-10-08,0,0,0,0,疑似停牌/长期无成交,需进一步核验交易状态
090080,평화산업,KOSPI,2026-10-08,80659,20,80659,0,有正常成交迹象,
075180,새론오토모티브,KOSPI,2026-10-08,5851,20,5851,0,有正常成交迹象,
005320,온타이드,KOSPI,2026-10-08,329210,20,329210,0,有正常成交迹象,
004830,덕성,KOSPI,2026-10-08,58444,20,58444,0,有正常成交迹象,
025530,SJM홀딩스,KOSPI,2026-10-08,6763,20,6763,0,有正常成交迹象,
006125,SK디스커버리우,KOSPI,2026-10-08,1269,20,1269,0,有正常成交迹象,
023810,인팩,KOSPI,2026-10-08,5905,20,5905,0,有正常成交迹象,
37550K,DL이앤씨우,KOSPI,2026-10-08,3413,20,3413,0,有正常成交迹象,
092440,기신정기,KOSPI,2026-10-08,54442,20,54442,0,有正常成交迹象,
28513K,SK케미칼우,KOSPI,2026-10-08,711,20,711,0,有正常成交迹象,
007460,에이프로젠,KOSPI,2026-10-08,167157,20,167157,0,有正常成交迹象,
002410,범양건영,KOSPI,2026-10-08,0,0,0,0,疑似停牌/长期无成交,需进一步核验交易状态
000725,현대건설우,KOSPI,2026-10-08,2100,20,2100,0,有正常成交迹象,
396690,미래에셋글로벌리츠,KOSPI,2026-10-08,40567,20,40567,0,有正常成交迹象,
003475,유안타증권우,KOSPI,2026-10-08,11418,20,11418,0,有正常成交迹象,
001550,조비,KOSPI,2026-10-08,13831,20,13831,0,有正常成交迹象,
378850,화승알앤에이,KOSPI,2026-10-08,32085,20,32085,0,有正常成交迹象,
021050,서원,KOSPI,2026-10-08,61509,20,61509,0,有正常成交迹象,
010770,평화홀딩스,KOSPI,2026-10-08,17881,20,17881,0,有正常成交迹象,
012690,모나리자,KOSPI,2026-10-08,99353,20,99353,0,有正常成交迹象,
005305,롯데칠성우,KOSPI,2026-10-08,355,20,355,0,有正常成交迹象,
123700,SJM,KOSPI,2026-10-08,16986,20,16986,0,有正常成交迹象,
011390,부산산업,KOSPI,2026-10-08,3210,20,3210,0,有正常成交迹象,
006880,신송홀딩스,KOSPI,2026-10-08,9234,20,9234,0,有正常成交迹象,
101140,인바이오젠,KOSPI,2026-10-08,6734,20,6734,0,有正常成交迹象,
001620,케이비아이동국실업,KOSPI,2026-10-08,23466,20,23466,0,有正常成交迹象,
011300,우성머티리얼스,KOSPI,2026-10-08,73007,20,73007,0,有正常成交迹象,
006980,우성,KOSPI,2026-10-08,2859,20,2859,0,有正常成交迹象,
011230,삼화전자,KOSPI,2026-10-08,115025,20,115025,0,有正常成交迹象,
000950,전방,KOSPI,2026-10-08,887,20,887,0,有正常成交迹象,
002630,오리엔트바이오,KOSPI,2026-10-08,19401,10,19401,0,有正常成交迹象,
011000,진원생명과학,KOSPI,2026-10-08,0,0,0,0,疑似停牌/长期无成交,需进一步核验交易状态
004410,서울식품,KOSPI,2026-10-08,126703,20,126703,0,有正常成交迹象,
009320,아진전자부품,KOSPI,2026-10-08,40947,20,40947,0,有正常成交迹象,
009835,한화솔루션우,KOSPI,2026-10-08,4849,20,4849,0,有正常成交迹象,
002140,고려산업,KOSPI,2026-10-08,91141,20,91141,0,有正常成交迹象,
002920,유성기업,KOSPI,2026-10-08,41442,20,41442,0,有正常成交迹象,
069460,대호에이엘,KOSPI,2026-10-08,0,0,0,0,疑似停牌/长期无成交,需进一步核验交易状态
041650,상신브레이크,KOSPI,2026-10-08,9424,20,9424,0,有正常成交迹象,
004540,깨끗한나라,KOSPI,2026-10-08,24070,20,24070,0,有正常成交迹象,
000910,유니온,KOSPI,2026-10-08,23303,20,23303,0,有正常成交迹象,
357250,미래에셋맵스리츠,KOSPI,2026-10-08,5374,20,5374,0,有正常成交迹象,
084870,TBH글로벌,KOSPI,2026-10-08,3760,20,3760,0,有正常成交迹象,
003080,SB성보,KOSPI,2026-10-08,8319,20,8319,0,有正常成交迹象,
074610,이엔플러스,KOSPI,2026-10-08,0,0,0,0,疑似停牌/长期无成交,需进一步核验交易状态
004060,SG세계물산,KOSPI,2026-10-08,135822,20,135822,0,有正常成交迹象,
011330,유니켐,KOSPI,2026-10-08,88187,20,88187,0,有正常成交迹象,
017180,명문제약,KOSPI,2026-10-08,72951,20,72951,0,有正常成交迹象,
004910,조광페인트,KOSPI,2026-10-08,11315,20,11315,0,有正常成交迹象,
014910,성문전자,KOSPI,2026-10-08,140670,20,140670,0,有正常成交迹象,
092780,DYP,KOSPI,2026-10-08,45712,20,45712,0,有正常成交迹象,
481850,신한글로벌액티브리츠,KOSPI,2026-10-08,4587,20,4587,0,有正常成交迹象,
008420,문배철강,KOSPI,2026-10-08,32765,20,32765,0,有正常成交迹象,
446070,유니드비티플러스,KOSPI,2026-10-08,23799,20,23799,0,有正常成交迹象,
019490,엑시큐어하이트론,KOSPI,2026-10-08,0,0,0,0,疑似停牌/长期无成交,需进一步核验交易状态
026940,부국철강,KOSPI,2026-10-08,109864,20,109864,0,有正常成交迹象,
007110,일신석재,KOSPI,2026-10-08,85586,5,85586,0,有正常成交迹象,
002870,신풍,KOSPI,2026-10-08,32222,20,32222,0,有正常成交迹象,
017040,광명전기,KOSPI,2026-10-08,0,0,0,0,疑似停牌/长期无成交,需进一步核验交易状态
049800,우진플라임,KOSPI,2026-10-08,23971,20,23971,0,有正常成交迹象,
023350,한국종합기술,KOSPI,2026-10-08,15615,20,15615,0,有正常成交迹象,
000215,DL우,KOSPI,2026-10-08,1011,20,1011,0,有正常成交迹象,
002360,SH에너지화학,KOSPI,2026-10-08,85984,20,85984,0,有正常成交迹象,
008870,금비,KOSPI,2026-10-08,184,20,184,0,有正常成交迹象,
145270,케이탑리츠,KOSPI,2026-10-08,14620,20,14620,0,有正常成交迹象,
011420,갤럭시아에스엠,KOSPI,2026-10-08,29433,20,29433,0,有正常成交迹象,
004920,씨아이테크,KOSPI,2026-10-08,14816,5,14816,0,有正常成交迹象,
023960,에쓰씨엔지니어링,KOSPI,2026-10-08,19044,20,19044,0,有正常成交迹象,
009810,MDS스피어,KOSPI,2026-10-08,1758,20,1758,0,有正常成交迹象,
012280,영화금속,KOSPI,2026-10-08,10078,20,10078,0,有正常成交迹象,
133820,화인베스틸,KOSPI,2026-10-08,92102,20,92102,0,有正常成交迹象,
134790,시디즈,KOSPI,2026-10-08,76,20,76,0,有正常成交迹象,
000890,보해양조,KOSPI,2026-10-08,115608,20,115608,0,有正常成交迹象,
027740,마니커,KOSPI,2026-10-08,22556,20,22556,0,有正常成交迹象,
008250,이건산업,KOSPI,2026-10-08,31561,20,31561,0,有正常成交迹象,
009140,케이아이이,KOSPI,2026-10-08,8454,20,8454,0,有正常成交迹象,
047400,유니온머티리얼,KOSPI,2026-10-08,0,19,0,0,有正常成交迹象,
051630,진양화학,KOSPI,2026-10-08,257810,20,257810,0,有正常成交迹象,
000760,이화산업,KOSPI,2026-10-08,1300,20,1300,0,有正常成交迹象,
010640,진양폴리,KOSPI,2026-10-08,66210,20,66210,0,有正常成交迹象,
013000,세우글로벌,KOSPI,2026-10-08,27350,20,27350,0,有正常成交迹象,
014130,한익스프레스,KOSPI,2026-10-08,53255,20,53255,0,有正常成交迹象,
012160,영흥,KOSPI,2026-10-08,8079,20,8079,0,有正常成交迹象,
009460,한창제지,KOSPI,2026-10-08,5918,20,5918,0,有正常成交迹象,
004365,세방우,KOSPI,2026-10-08,6239,20,6239,0,有正常成交迹象,
143210,핸즈코퍼레이션,KOSPI,2026-10-08,0,0,0,0,疑似停牌/长期无成交,需进一步核验交易状态
002880,디와이에이,KOSPI,2026-10-08,7150,17,7150,0,有正常成交迹象,
005820,원림,KOSPI,2026-10-08,911,20,911,0,有正常成交迹象,
006370,대구백화점,KOSPI,2026-10-08,14173,20,14173,0,有正常成交迹象,
090370,메타랩스,KOSPI,2026-10-08,14074,20,14074,0,有正常成交迹象,
003535,한화투자증권우,KOSPI,2026-10-08,16576,20,16576,0,有正常成交迹象,
010400,우진아이엔에스,KOSPI,2026-10-08,21501,20,21501,0,有正常成交迹象,
069640,한세엠케이,KOSPI,2026-10-08,14602,20,14602,0,有正常成交迹象,
025750,한솔홈데코,KOSPI,2026-10-08,7735,20,7735,0,有正常成交迹象,
001070,대한방직,KOSPI,2026-10-08,13572,20,13572,0,有正常成交迹象,
024070,WISCOM,KOSPI,2026-10-08,5230,20,5230,0,有正常成交迹象,
006570,대림통상,KOSPI,2026-10-08,34248,20,34248,0,有正常成交迹象,
025890,한국주강,KOSPI,2026-10-08,3766,20,3766,0,有正常成交迹象,
036420,콘텐트리중앙,KOSPI,2026-10-08,21956,20,21956,0,有正常成交迹象,
088790,진도,KOSPI,2026-10-08,12472,20,12472,0,有正常成交迹象,
019175,신풍제약우,KOSPI,2026-10-08,3851,20,3851,0,有正常成交迹象,
308170,씨티알모빌리티,KOSPI,2026-10-08,5289,20,5289,0,有正常成交迹象,
023150,MH에탄올,KOSPI,2026-10-08,18589,20,18589,0,有正常成交迹象,
003680,한성기업,KOSPI,2026-10-08,843031,20,843031,0,有正常成交迹象,
009190,대양금속,KOSPI,2026-10-08,4121494,19,4121494,0,有正常成交迹象,
002690,동일제강,KOSPI,2026-10-08,15003,20,15003,0,有正常成交迹象,
118000,메타케어,KOSPI,2026-10-08,27788,20,27788,0,有正常成交迹象,
004270,남성,KOSPI,2026-10-08,3832,20,3832,0,有正常成交迹象,
007120,미래아이앤지,KOSPI,2026-10-08,39837,20,39837,0,有正常成交迹象,
006345,대원전선우,KOSPI,2026-10-08,39575,20,39575,0,有正常成交迹象,
002355,넥센타이어1우B,KOSPI,2026-10-08,165,20,165,0,有正常成交迹象,
33637K,솔루스첨단소재1우,KOSPI,2026-10-08,7340,20,7340,0,有正常成交迹象,
033250,체시스,KOSPI,2026-10-08,17893,20,17893,0,有正常成交迹象,
003060,에이프로젠바이오로직스,KOSPI,2026-10-08,92645,20,92645,0,有正常成交迹象,
006490,프리티,KOSPI,2026-10-08,42339,18,42339,0,有正常成交迹象,
003495,대한항공우,KOSPI,2026-10-08,1430,20,1430,0,有正常成交迹象,
357430,마스턴프리미어리츠,KOSPI,2026-10-08,6886,20,6886,0,有正常成交迹象,
009310,참엔지니어링,KOSPI,2026-10-08,0,0,0,0,疑似停牌/长期无成交,需进一步核验交易状态
001380,SG글로벌,KOSPI,2026-10-08,330882,19,330882,0,有正常成交迹象,
004870,티웨이홀딩스,KOSPI,2026-10-08,22240,19,22240,0,有正常成交迹象,
33626L,두산퓨얼셀2우B,KOSPI,2026-10-08,2523,20,2523,0,有正常成交迹象,
071950,코아스,KOSPI,2026-10-08,104149,20,104149,0,有正常成交迹象,
012170,아센디오,KOSPI,2026-10-08,19093,20,19093,0,有正常成交迹象,
030720,동원수산,KOSPI,2026-10-08,103592,20,103592,0,有正常成交迹象,
008775,호텔신라우,KOSPI,2026-10-08,237,20,237,0,有正常成交迹象,
006740,블루산업개발,KOSPI,2026-10-08,247688,20,247688,0,有正常成交迹象,
005360,모나미,KOSPI,2026-10-08,2340208,19,2340208,0,有正常成交迹象,
001420,태원물산,KOSPI,2026-10-08,39387,20,39387,0,有正常成交迹象,
001685,대상우,KOSPI,2026-10-08,994,20,994,0,有正常成交迹象,
015020,이스타코,KOSPI,2026-10-08,0,0,0,0,疑似停牌/长期无成交,需进一步核验交易状态
000040,KR모터스,KOSPI,2026-10-08,15593,20,15593,0,有正常成交迹象,
00499K,롯데지주우,KOSPI,2026-10-08,438,20,438,0,有正常成交迹象,
011090,에넥스,KOSPI,2026-10-08,209224,20,209224,0,有正常成交迹象,
108675,LX하우시스우,KOSPI,2026-10-08,2355,20,2355,0,有正常成交迹象,
002070,비비안,KOSPI,2026-10-08,37992,19,37992,0,有正常成交迹象,
093240,형지엘리트,KOSPI,2026-10-08,0,11,0,0,有正常成交迹象,
008600,윌비스,KOSPI,2026-10-08,0,0,0,0,疑似停牌/长期无成交,需进一步核验交易状态
009440,KC그린홀딩스,KOSPI,2026-10-08,0,0,0,0,疑似停牌/长期无成交,需进一步核验交易状态
005725,넥센우,KOSPI,2026-10-08,3004,18,3004,0,有正常成交迹象,
465770,STX그린로지스,KOSPI,2026-10-08,636143,19,636143,0,有正常成交迹象,
18064K,한진칼우,KOSPI,2026-10-08,2174,20,2174,0,有正常成交迹象,
004105,태양금속우,KOSPI,2026-10-08,85099,20,85099,0,有正常成交迹象,
005257,녹십자홀딩스2우,KOSPI,2026-10-08,407,20,407,0,有正常成交迹象,
006200,한국전자홀딩스,KOSPI,2026-10-08,37759,20,37759,0,有正常成交迹象,
002025,코오롱우,KOSPI,2026-10-08,1415,20,1415,0,有正常成交迹象,
000087,하이트진로2우B,KOSPI,2026-10-08,630,20,630,0,有正常成交迹象,
002820,SUN&L,KOSPI,2026-10-08,646785,20,646785,0,有正常成交迹象,
001795,대한제당우,KOSPI,2026-10-08,5244,20,5244,0,有正常成交迹象,
00806K,대덕1우,KOSPI,2026-10-08,3610,20,3610,0,有正常成交迹象,
024890,대원화성,KOSPI,2026-10-08,166438,20,166438,0,有正常成交迹象,
45226K,한화갤러리아우,KOSPI,2026-10-08,607,20,607,0,有正常成交迹象,
084695,대상홀딩스우,KOSPI,2026-10-08,4494,20,4494,0,有正常成交迹象,
00781K,코리아써키트2우B,KOSPI,2026-10-08,365,20,365,0,有正常成交迹象,
145995,삼양사우,KOSPI,2026-10-08,4,20,4,0,有正常成交迹象,
015260,에이엔피,KOSPI,2026-10-08,2808221,20,2808221,0,有正常成交迹象,
38380K,LX홀딩스1우,KOSPI,2026-10-08,1412,20,1412,0,有正常成交迹象,
001067,JW중외제약2우B,KOSPI,2026-10-08,1,18,1,0,有正常成交迹象,
019685,대교우B,KOSPI,2026-10-08,29137,18,29137,0,有正常成交迹象,
004255,NPC우,KOSPI,2026-10-08,1419,20,1419,0,有正常成交迹象,
145210,다이나믹디자인,KOSPI,2026-10-08,0,0,0,0,疑似停牌/长期无成交,需进一步核验交易状态
001755,한양증권우,KOSPI,2026-10-08,1195,20,1195,0,有正常成交迹象,
003075,코오롱글로벌우,KOSPI,2026-10-08,845,20,845,0,有正常成交迹象,
33637L,솔루스첨단소재2우B,KOSPI,2026-10-08,4488,20,4488,0,有正常成交迹象,
000225,유유제약1우,KOSPI,2026-10-08,8294,20,8294,0,有正常成交迹象,
001515,SK증권우,KOSPI,2026-10-08,1808,20,1808,0,有正常成交迹象,
004835,덕성우,KOSPI,2026-10-08,59900,20,59900,0,有正常成交迹象,
001065,JW중외제약우,KOSPI,2026-10-08,8,20,8,0,有正常成交迹象,
000325,노루홀딩스우,KOSPI,2026-10-08,64,19,64,0,有正常成交迹象,
004985,성신양회우,KOSPI,2026-10-08,600,20,600,0,有正常成交迹象,
044380,주연테크,KOSPI,2026-10-08,0,13,0,0,有正常成交迹象,
26490K,크라운제과우,KOSPI,2026-10-08,226,20,226,0,有正常成交迹象,
012205,계양전기우,KOSPI,2026-10-08,6046,20,6046,0,有正常成交迹象,
090355,노루페인트우,KOSPI,2026-10-08,374,20,374,0,有正常成交迹象,
001770,SHD,KOSPI,2026-10-08,0,14,0,0,有正常成交迹象,
002995,금호건설우,KOSPI,2026-10-08,4876,20,4876,0,有正常成交迹象,
000545,흥국화재우,KOSPI,2026-10-08,431,20,431,0,有正常成交迹象,
000145,하이트진로홀딩스우,KOSPI,2026-10-08,595,20,595,0,有正常成交迹象,
009415,태영건설우,KOSPI,2026-10-08,423,20,423,0,有正常成交迹象,
005965,동부건설우,KOSPI,2026-10-08,42,20,42,0,有正常成交迹象,
014825,동원시스템즈우,KOSPI,2026-10-08,99,19,99,0,有正常成交迹象,
007575,일양약품우,KOSPI,2026-10-08,230,20,230,0,有正常成交迹象,
014285,금강공업우,KOSPI,2026-10-08,314,20,314,0,有正常成交迹象,
36328K,티와이홀딩스우,KOSPI,2026-10-08,6495,20,6495,0,有正常成交迹象,
005745,크라운해태홀딩스우,KOSPI,2026-10-08,121,20,121,0,有正常成交迹象,
014915,성문전자우,KOSPI,2026-10-08,86,20,86,0,有正常成交迹象,
000227,유유제약2우B,KOSPI,2026-10-08,220,20,220,0,有正常成交迹象,
008355,남선알미우,KOSPI,2026-10-08,219,20,219,0,有正常成交迹象,
001525,동양우,KOSPI,2026-10-08,728,19,728,0,有正常成交迹象,
005030,부산주공,KOSPI,2026-10-08,18549950,7,18549950,0,有正常成交迹象,
004545,깨끗한나라우,KOSPI,2026-10-08,597,20,597,0,有正常成交迹象,
005110,한창,KOSPI,2026-10-08,4524207,4,4524207,0,有正常成交迹象,
011155,CJ씨푸드1우,KOSPI,2026-10-08,2659,20,2659,0,有正常成交迹象,
001527,동양2우B,KOSPI,2026-10-08,395,20,395,0,有正常成交迹象,
004415,서울식품우,KOSPI,2026-10-08,1490,20,1490,0,有正常成交迹象,
002785,진흥기업우B,KOSPI,2026-10-08,649,19,649,0,有正常成交迹象,
002787,진흥기업2우B,KOSPI,2026-10-08,1154,20,1154,0,有正常成交迹象,
196170,알테오젠,KOSDAQ,2026-10-08,1582851,20,724009,858842,有正常成交迹象,
247540,에코프로비엠,KOSDAQ,2026-10-08,1091028,20,617604,473424,有正常成交迹象,
086520,에코프로,KOSDAQ,2026-10-08,1681767,20,955417,726350,有正常成交迹象,
036930,주성엔지니어링,KOSDAQ,2026-10-08,3845483,20,3845483,0,有正常成交迹象,
277810,레인보우로보틱스,KOSDAQ,2026-10-08,100789,20,65203,35586,有正常成交迹象,
058470,리노공업,KOSDAQ,2026-10-08,2583926,20,1649294,934632,有正常成交迹象,
222800,심텍,KOSDAQ,2026-10-08,1187932,20,734166,453766,有正常成交迹象,
240810,원익IPS,KOSDAQ,2026-10-08,1812529,20,1812529,0,有正常成交迹象,
039030,이오테크닉스,KOSDAQ,2026-10-08,220248,20,197294,22954,有正常成交迹象,
028300,HLB,KOSDAQ,2026-10-08,1897339,20,925840,971499,有正常成交迹象,
000250,삼천당제약,KOSDAQ,2026-10-08,539887,20,284015,255872,有正常成交迹象,
403870,HPSP,KOSDAQ,2026-10-08,1686478,20,1686478,0,有正常成交迹象,
031980,피에스케이홀딩스,KOSDAQ,2026-10-08,275403,20,217742,57661,有正常成交迹象,
108490,로보티즈,KOSDAQ,2026-10-08,439710,20,258485,181225,有正常成交迹象,
095340,ISC,KOSDAQ,2026-10-08,261093,20,203931,57162,有正常成交迹象,
319660,피에스케이,KOSDAQ,2026-10-08,435670,20,435670,0,有正常成交迹象,
440110,파두,KOSDAQ,2026-10-08,355042,20,355042,0,有正常成交迹象,
084370,유진테크,KOSDAQ,2026-10-08,274395,20,194139,80256,有正常成交迹象,
131290,티에스이,KOSDAQ,2026-10-08,110337,20,71251,39086,有正常成交迹象,
067310,하나마이크론,KOSDAQ,2026-10-08,1392733,20,1392733,0,有正常成交迹象,
064760,티씨케이,KOSDAQ,2026-10-08,99101,20,82260,16841,有正常成交迹象,
357780,솔브레인,KOSDAQ,2026-10-08,38345,20,32151,6194,有正常成交迹象,
095610,테스,KOSDAQ,2026-10-08,313254,20,206158,107096,有正常成交迹象,
214450,파마리서치,KOSDAQ,2026-10-08,168476,20,125898,42578,有正常成交迹象,
080220,제주반도체,KOSDAQ,2026-10-08,1220842,20,1220842,0,有正常成交迹象,
141080,리가켐바이오,KOSDAQ,2026-10-08,610660,20,389596,221064,有正常成交迹象,
298380,에이비엘바이오,KOSDAQ,2026-10-08,632979,20,407458,225521,有正常成交迹象,
226950,올릭스,KOSDAQ,2026-10-08,365975,20,261463,104512,有正常成交迹象,
010170,대한광통신,KOSDAQ,2026-10-08,6500744,20,6500744,0,有正常成交迹象,
178320,서진시스템,KOSDAQ,2026-10-08,795764,20,795764,0,有正常成交迹象,
005290,동진쎄미켐,KOSDAQ,2026-10-08,741947,20,435326,306621,有正常成交迹象,
310210,보로노이,KOSDAQ,2026-10-08,117454,20,81879,35575,有正常成交迹象,
098460,고영,KOSDAQ,2026-10-08,4182133,20,4182133,0,有正常成交迹象,
043260,성호전자,KOSDAQ,2026-10-08,2685810,20,2685810,0,有正常成交迹象,
131970,두산테스나,KOSDAQ,2026-10-08,1962103,20,1021196,940907,有正常成交迹象,
257720,실리콘투,KOSDAQ,2026-10-08,1165991,20,740535,425456,有正常成交迹象,
145020,휴젤,KOSDAQ,2026-10-08,63982,20,54306,9676,有正常成交迹象,
319400,현대무벡스,KOSDAQ,2026-10-08,1787346,20,1787346,0,有正常成交迹象,
214370,케어젠,KOSDAQ,2026-10-08,122612,20,88633,33979,有正常成交迹象,
030530,원익홀딩스,KOSDAQ,2026-10-08,689160,20,689160,0,有正常成交迹象,
140860,파크시스템스,KOSDAQ,2026-10-08,64639,20,52223,12416,有正常成交迹象,
058610,에스피지,KOSDAQ,2026-10-08,393884,20,221256,172628,有正常成交迹象,
087010,펩트론,KOSDAQ,2026-10-08,1896930,20,600660,1296270,有正常成交迹象,
140410,메지온,KOSDAQ,2026-10-08,65926,20,65926,0,有正常成交迹象,
263750,펄어비스,KOSDAQ,2026-10-08,235832,20,181991,53841,有正常成交迹象,
089030,테크윙,KOSDAQ,2026-10-08,607816,20,607816,0,有正常成交迹象,
032820,우리기술,KOSDAQ,2026-10-08,2248703,20,2248703,0,有正常成交迹象,
214150,클래시스,KOSDAQ,2026-10-08,229087,20,171528,57559,有正常成交迹象,
347850,디앤디파마텍,KOSDAQ,2026-10-08,610181,20,610181,0,有正常成交迹象,
237690,에스티팜,KOSDAQ,2026-10-08,140548,20,101364,39184,有正常成交迹象,
323280,태성,KOSDAQ,2026-10-08,947167,20,446385,500782,有正常成交迹象,
036540,SFA반도체,KOSDAQ,2026-10-08,5204213,20,5204213,0,有正常成交迹象,
078600,대주전자재료,KOSDAQ,2026-10-08,610623,20,331824,278799,有正常成交迹象,
096530,씨젠,KOSDAQ,2026-10-08,600309,20,390393,209916,有正常成交迹象,
089970,브이엠,KOSDAQ,2026-10-08,1052749,20,550266,502483,有正常成交迹象,
041510,에스엠,KOSDAQ,2026-10-08,80020,20,60290,19730,有正常成交迹象,
420770,기가비스,KOSDAQ,2026-10-08,64147,20,64147,0,有正常成交迹象,
068760,셀트리온제약,KOSDAQ,2026-10-08,87854,20,52164,35690,有正常成交迹象,
183300,코미코,KOSDAQ,2026-10-08,460303,20,286402,173901,有正常成交迹象,
060370,LS마린솔루션,KOSDAQ,2026-10-08,232128,20,161074,71054,有正常成交迹象,
083650,비에이치아이,KOSDAQ,2026-10-08,606191,20,350686,255505,有正常成交迹象,
007390,네이처셀,KOSDAQ,2026-10-08,311930,20,185294,126636,有正常成交迹象,
0009K0,에임드바이오,KOSDAQ,2026-10-08,116369,20,116369,0,有正常成交迹象,
218410,RFHIC,KOSDAQ,2026-10-08,537416,20,288276,249140,有正常成交迹象,
437730,삼현,KOSDAQ,2026-10-08,565830,20,280841,284989,有正常成交迹象,
290650,엘앤씨바이오,KOSDAQ,2026-10-08,493607,20,364056,129551,有正常成交迹象,
204270,제이앤티씨,KOSDAQ,2026-10-08,2421704,20,2421704,0,有正常成交迹象,
039200,오스코텍,KOSDAQ,2026-10-08,189862,20,120779,69083,有正常成交迹象,
232140,와이씨,KOSDAQ,2026-10-08,1717815,20,1717815,0,有正常成交迹象,
035900,JYP Ent.,KOSDAQ,2026-10-08,556767,20,394218,162549,有正常成交迹象,
950160,코오롱티슈진,KOSDAQ,2026-10-08,433439,20,433439,0,有正常成交迹象,
347700,스피어,KOSDAQ,2026-10-08,1767686,20,1767686,0,有正常成交迹象,
003380,하림지주,KOSDAQ,2026-10-08,478085,20,478085,0,有正常成交迹象,
356860,티엘비,KOSDAQ,2026-10-08,1572250,20,790576,781674,有正常成交迹象,
166090,하나머티리얼즈,KOSDAQ,2026-10-08,314934,20,205807,109127,有正常成交迹象,
082920,비츠로셀,KOSDAQ,2026-10-08,435123,20,306409,128714,有正常成交迹象,
950260,인제니아테라퓨틱스(Reg.S),KOSDAQ,2026-10-08,653039,20,653039,0,有正常成交迹象,
241710,코스메카코리아,KOSDAQ,2026-10-08,94244,20,73387,20857,有正常成交迹象,
056190,SFA,KOSDAQ,2026-10-08,310201,20,234623,75578,有正常成交迹象,
195940,HK이노엔,KOSDAQ,2026-10-08,154316,20,129462,24854,有正常成交迹象,
101490,에스앤에스텍,KOSDAQ,2026-10-08,662864,20,325051,337813,有正常成交迹象,
417200,LS머트리얼즈,KOSDAQ,2026-10-08,2677916,20,2677916,0,有正常成交迹象,
252990,샘씨엔에스,KOSDAQ,2026-10-08,466569,20,466569,0,有正常成交迹象,
127120,제이에스링크,KOSDAQ,2026-10-08,285765,20,189369,96396,有正常成交迹象,
083450,GST,KOSDAQ,2026-10-08,433997,20,232864,201133,有正常成交迹象,
036830,솔브레인홀딩스,KOSDAQ,2026-10-08,265140,20,151921,113219,有正常成交迹象,
086450,동국제약,KOSDAQ,2026-10-08,523317,20,311799,211518,有正常成交迹象,
293490,카카오게임즈,KOSDAQ,2026-10-08,516242,20,516242,0,有正常成交迹象,
033790,피노,KOSDAQ,2026-10-08,6705526,20,6705526,0,有正常成交迹象,
458870,씨어스,KOSDAQ,2026-10-08,229646,20,139851,89795,有正常成交迹象,
161580,필옵틱스,KOSDAQ,2026-10-08,735548,20,315931,419617,有正常成交迹象,
327260,RF머트리얼즈,KOSDAQ,2026-10-08,561949,20,561949,0,有正常成交迹象,
160190,하이젠알앤엠,KOSDAQ,2026-10-08,431714,20,431714,0,有正常成交迹象,
491000,리브스메드,KOSDAQ,2026-10-08,117983,20,117983,0,有正常成交迹象,
295310,에이치브이엠,KOSDAQ,2026-10-08,319577,20,207864,111713,有正常成交迹象,
445680,큐리옥스바이오시스템즈,KOSDAQ,2026-10-08,271333,20,143225,128108,有正常成交迹象,
388210,씨엠티엑스,KOSDAQ,2026-10-08,192628,20,122144,70484,有正常成交迹象,
100790,미래에셋벤처투자,KOSDAQ,2026-10-08,414001,20,414001,0,有正常成交迹象,
065350,신성델타테크,KOSDAQ,2026-10-08,122100,20,71356,50744,有正常成交迹象,
031330,에스에이엠티,KOSDAQ,2026-10-08,272312,20,272312,0,有正常成交迹象,
074600,원익QnC,KOSDAQ,2026-10-08,395034,20,260540,134494,有正常成交迹象,
041960,코미팜,KOSDAQ,2026-10-08,341066,20,341066,0,有正常成交迹象,
328130,루닛,KOSDAQ,2026-10-08,2111235,20,995250,1115985,有正常成交迹象,
281740,레이크머티리얼즈,KOSDAQ,2026-10-08,513591,20,513591,0,有正常成交迹象,
115180,큐리언트,KOSDAQ,2026-10-08,313273,20,203122,110151,有正常成交迹象,
053800,안랩,KOSDAQ,2026-10-08,322997,20,157946,165051,有正常成交迹象,
032500,케이엠더블유,KOSDAQ,2026-10-08,224909,20,128397,96512,有正常成交迹象,
059090,미코,KOSDAQ,2026-10-08,1568026,20,850138,717888,有正常成交迹象,
388720,유일로보틱스,KOSDAQ,2026-10-08,42724,20,26362,16362,有正常成交迹象,
251970,펌텍코리아,KOSDAQ,2026-10-08,109501,20,82892,26609,有正常成交迹象,
425420,티에프이,KOSDAQ,2026-10-08,222292,20,140205,82087,有正常成交迹象,
119850,지엔씨에너지,KOSDAQ,2026-10-08,801807,20,488117,313690,有正常成交迹象,
035760,CJ ENM,KOSDAQ,2026-10-08,131779,20,112788,18991,有正常成交迹象,
064290,인텍플러스,KOSDAQ,2026-10-08,209929,20,209929,0,有正常成交迹象,
137400,피엔티,KOSDAQ,2026-10-08,305191,20,163789,141402,有正常成交迹象,
121600,나노신소재,KOSDAQ,2026-10-08,145802,20,84166,61636,有正常成交迹象,
033100,제룡전기,KOSDAQ,2026-10-08,124325,20,74769,49556,有正常成交迹象,
033640,네패스,KOSDAQ,2026-10-08,648046,20,399805,248241,有正常成交迹象,
038500,삼표시멘트,KOSDAQ,2026-10-08,13208092,20,13208092,0,有正常成交迹象,
085660,차바이오텍,KOSDAQ,2026-10-08,246411,20,166335,80076,有正常成交迹象,
006730,서부T&D,KOSDAQ,2026-10-08,566871,20,566871,0,有正常成交迹象,
014620,성광벤드,KOSDAQ,2026-10-08,189590,20,137079,52511,有正常成交迹象,
171090,선익시스템,KOSDAQ,2026-10-08,99253,20,60318,38935,有正常成交迹象,
490470,세미파이브,KOSDAQ,2026-10-08,1101562,20,1101562,0,有正常成交迹象,
122870,와이지엔터테인먼트,KOSDAQ,2026-10-08,101132,20,77892,23240,有正常成交迹象,
099320,쎄트렉아이,KOSDAQ,2026-10-08,147929,20,98367,49562,有正常成交迹象,
213420,덕산네오룩스,KOSDAQ,2026-10-08,162814,20,118352,44462,有正常成交迹象,
476830,알지노믹스,KOSDAQ,2026-10-08,576941,20,299283,277658,有正常成交迹象,
036810,에프에스티,KOSDAQ,2026-10-08,180412,20,100676,79736,有正常成交迹象,
053610,프로텍,KOSDAQ,2026-10-08,92190,20,70788,21402,有正常成交迹象,
090360,로보스타,KOSDAQ,2026-10-08,162463,20,100239,62224,有正常成交迹象,
090710,휴림로봇,KOSDAQ,2026-10-08,956145,20,956145,0,有正常成交迹象,
102710,이엔에프테크놀로지,KOSDAQ,2026-10-08,161591,20,108771,52820,有正常成交迹象,
044490,태웅,KOSDAQ,2026-10-08,175270,20,95304,79966,有正常成交迹象,
253590,네오셈,KOSDAQ,2026-10-08,709689,20,709689,0,有正常成交迹象,
032190,다우데이타,KOSDAQ,2026-10-08,71900,20,49215,22685,有正常成交迹象,
466100,클로봇,KOSDAQ,2026-10-08,436751,20,258422,178329,有正常成交迹象,
456160,지투지바이오,KOSDAQ,2026-10-08,413805,20,205775,208030,有正常成交迹象,
122640,예스티,KOSDAQ,2026-10-08,209267,20,209267,0,有正常成交迹象,
092870,엑시콘,KOSDAQ,2026-10-08,262307,20,262307,0,有正常成交迹象,
041830,인바디,KOSDAQ,2026-10-08,97006,20,68465,28541,有正常成交迹象,
023160,태광,KOSDAQ,2026-10-08,177919,20,103195,74724,有正常成交迹象,
189300,인텔리안테크,KOSDAQ,2026-10-08,164602,20,102996,61606,有正常成交迹象,
476060,온코닉테라퓨틱스,KOSDAQ,2026-10-08,414394,20,177272,237122,有正常成交迹象,
222080,SFA넥셀,KOSDAQ,2026-10-08,1661508,20,1661508,0,有正常成交迹象,
048410,현대바이오,KOSDAQ,2026-10-08,1092913,20,1092913,0,有正常成交迹象,
225570,넥슨게임즈,KOSDAQ,2026-10-08,319625,20,242479,77146,有正常成交迹象,
024850,HLB이노베이션,KOSDAQ,2026-10-08,436355,20,436355,0,有正常成交迹象,
077360,덕산하이메탈,KOSDAQ,2026-10-08,787443,20,787443,0,有正常成交迹象,
093320,케이아이엔엑스,KOSDAQ,2026-10-08,5941,20,4388,1553,有正常成交迹象,
126340,비나텍,KOSDAQ,2026-10-08,249078,20,127202,121876,有正常成交迹象,
253450,스튜디오드래곤,KOSDAQ,2026-10-08,85111,20,72063,13048,有正常成交迹象,
124500,아이티센글로벌,KOSDAQ,2026-10-08,510549,20,272648,237901,有正常成交迹象,
144960,뉴파워프라즈마,KOSDAQ,2026-10-08,1514328,20,1514328,0,有正常成交迹象,
046890,서울반도체,KOSDAQ,2026-10-08,290430,20,180119,110311,有正常成交迹象,
219130,타이거일렉,KOSDAQ,2026-10-08,42317,20,42317,0,有正常成交迹象,
050890,쏠리드,KOSDAQ,2026-10-08,750687,20,750687,0,有正常成交迹象,
078350,한양디지텍,KOSDAQ,2026-10-08,323356,20,323356,0,有正常成交迹象,
080580,오킨스전자,KOSDAQ,2026-10-08,302713,20,302713,0,有正常成交迹象,
045100,한양이엔지,KOSDAQ,2026-10-08,96667,20,58744,37923,有正常成交迹象,
214430,아이쓰리시스템,KOSDAQ,2026-10-08,44990,20,33668,11322,有正常成交迹象,
047920,HLB제약,KOSDAQ,2026-10-08,14397321,20,6729960,7667361,有正常成交迹象,
399720,가온칩스,KOSDAQ,2026-10-08,585462,20,205841,379621,有正常成交迹象,
067630,HLB생명과학,KOSDAQ,2026-10-08,663843,20,663843,0,有正常成交迹象,
009520,포스코엠텍,KOSDAQ,2026-10-08,227063,20,146132,80931,有正常成交迹象,
069540,빛과전자,KOSDAQ,2026-10-08,15676338,20,15676338,0,有正常成交迹象,
089890,코세스,KOSDAQ,2026-10-08,337506,20,204602,132904,有正常成交迹象,
358570,지아이이노베이션,KOSDAQ,2026-10-08,461591,20,318784,142807,有正常成交迹象,
042000,카페24,KOSDAQ,2026-10-08,429782,20,245427,184355,有正常成交迹象,
060250,NHN KCP,KOSDAQ,2026-10-08,110283,20,110283,0,有正常成交迹象,
101160,월덱스,KOSDAQ,2026-10-08,46766,20,30817,15949,有正常成交迹象,
383310,에코프로에이치엔,KOSDAQ,2026-10-08,93147,20,93147,0,有正常成交迹象,
112040,위메이드,KOSDAQ,2026-10-08,259456,20,202739,56717,有正常成交迹象,
052400,코나아이,KOSDAQ,2026-10-08,82083,20,63046,19037,有正常成交迹象,
079940,가비아,KOSDAQ,2026-10-08,13661,20,11322,2339,有正常成交迹象,
094170,동운아나텍,KOSDAQ,2026-10-08,147569,20,85689,61880,有正常成交迹象,
104830,원익머트리얼즈,KOSDAQ,2026-10-08,95620,20,68464,27156,有正常成交迹象,
052020,에스티큐브,KOSDAQ,2026-10-08,115659,20,115659,0,有正常成交迹象,
356680,엑스게이트,KOSDAQ,2026-10-08,1331781,20,1331781,0,有正常成交迹象,
290550,디케이티,KOSDAQ,2026-10-08,551388,20,551388,0,有正常成交迹象,
174900,앱클론,KOSDAQ,2026-10-08,186983,20,186983,0,有正常成交迹象,
037460,삼지전자,KOSDAQ,2026-10-08,25385,20,25385,0,有正常成交迹象,
348340,뉴로메카,KOSDAQ,2026-10-08,697744,20,697744,0,有正常成交迹象,
468530,프로티나,KOSDAQ,2026-10-08,340634,20,185095,155539,有正常成交迹象,
099190,아이센스,KOSDAQ,2026-10-08,34258,20,19603,14655,有正常成交迹象,
211050,인카금융서비스,KOSDAQ,2026-10-08,48689,20,32475,16214,有正常成交迹象,
033160,엠케이전자,KOSDAQ,2026-10-08,1540714,20,1540714,0,有正常成交迹象,
098120,마이크로컨텍솔,KOSDAQ,2026-10-08,102490,20,102490,0,有正常成交迹象,
365340,성일하이텍,KOSDAQ,2026-10-08,46304,20,27064,19240,有正常成交迹象,
348370,엔켐,KOSDAQ,2026-10-08,630839,20,370723,260116,有正常成交迹象,
086900,메디톡스,KOSDAQ,2026-10-08,25306,20,17091,8215,有正常成交迹象,
417840,저스템,KOSDAQ,2026-10-08,3356621,20,3356621,0,有正常成交迹象,
056080,유진로봇,KOSDAQ,2026-10-08,1040142,20,1040142,0,有正常成交迹象,
082270,젬백스,KOSDAQ,2026-10-08,169704,20,108213,61491,有正常成交迹象,
025980,아난티,KOSDAQ,2026-10-08,651592,20,651592,0,有正常成交迹象,
089010,켐트로닉스,KOSDAQ,2026-10-08,330463,20,136136,194327,有正常成交迹象,
200470,에이팩트,KOSDAQ,2026-10-08,1916271,20,1916271,0,有正常成交迹象,
278280,천보,KOSDAQ,2026-10-08,46782,20,35859,10923,有正常成交迹象,
041190,우리기술투자,KOSDAQ,2026-10-08,1013003,20,1013003,0,有正常成交迹象,
034950,한국기업평가,KOSDAQ,2026-10-08,1195,20,674,521,有正常成交迹象,
376900,로킷헬스케어,KOSDAQ,2026-10-08,218374,20,106526,111848,有正常成交迹象,
376300,디어유,KOSDAQ,2026-10-08,183632,20,118469,65163,有正常成交迹象,
015750,성우하이텍,KOSDAQ,2026-10-08,204736,20,121856,82880,有正常成交迹象,
159010,아스플로,KOSDAQ,2026-10-08,163730,20,163730,0,有正常成交迹象,
125490,한라캐스트,KOSDAQ,2026-10-08,876546,20,876546,0,有正常成交迹象,
033500,동성화인텍,KOSDAQ,2026-10-08,116478,20,76968,39510,有正常成交迹象,
018290,브이티,KOSDAQ,2026-10-08,679420,20,344148,335272,有正常成交迹象,
019210,와이지-원,KOSDAQ,2026-10-08,386702,20,386702,0,有正常成交迹象,
475960,토모큐브,KOSDAQ,2026-10-08,72870,20,48341,24529,有正常成交迹象,
336570,원텍,KOSDAQ,2026-10-08,597959,20,597959,0,有正常成交迹象,
272290,이녹스첨단소재,KOSDAQ,2026-10-08,161161,20,106734,54427,有正常成交迹象,
079370,제우스,KOSDAQ,2026-10-08,333505,20,333505,0,有正常成交迹象,
368770,파이버프로,KOSDAQ,2026-10-08,154949,20,154949,0,有正常成交迹象,
340570,티앤엘,KOSDAQ,2026-10-08,84102,20,47062,37040,有正常成交迹象,
460930,현대힘스,KOSDAQ,2026-10-08,179108,20,101353,77755,有正常成交迹象,
107640,한중엔시에스,KOSDAQ,2026-10-08,341524,20,201616,139908,有正常成交迹象,
035890,서희건설,KOSDAQ,2026-10-08,199230,20,199230,0,有正常成交迹象,
078340,컴투스,KOSDAQ,2026-10-08,91954,20,76874,15080,有正常成交迹象,
170920,엘티씨,KOSDAQ,2026-10-08,198844,20,198844,0,有正常成交迹象,
027360,아주IB투자,KOSDAQ,2026-10-08,1290903,20,1290903,0,有正常成交迹象,
030520,한컴,KOSDAQ,2026-10-08,1345535,20,335738,1009797,有正常成交迹象,
441270,파인엠텍,KOSDAQ,2026-10-08,2069068,20,1195012,874056,有正常成交迹象,
067160,SOOP,KOSDAQ,2026-10-08,65499,20,50089,15410,有正常成交迹象,
078130,에스엠국일,KOSDAQ,2026-10-08,84334,20,84334,0,有正常成交迹象,
475830,오름테라퓨틱,KOSDAQ,2026-10-08,704335,20,355101,349234,有正常成交迹象,
348210,넥스틴,KOSDAQ,2026-10-08,152512,20,94167,58345,有正常成交迹象,
114810,한솔아이원스,KOSDAQ,2026-10-08,236832,20,158280,78552,有正常成交迹象,
052710,아모텍,KOSDAQ,2026-10-08,453866,20,453866,0,有正常成交迹象,
013030,하이록코리아,KOSDAQ,2026-10-08,26966,20,19375,7591,有正常成交迹象,
486990,노타,KOSDAQ,2026-10-08,633075,20,318262,314813,有正常成交迹象,
187660,페니트리움바이오,KOSDAQ,2026-10-08,904524,20,904524,0,有正常成交迹象,
215200,메가스터디교육,KOSDAQ,2026-10-08,69716,20,60177,9539,有正常成交迹象,
241770,메카로,KOSDAQ,2026-10-08,7981,20,5797,2184,有正常成交迹象,
204620,글로벌텍스프리,KOSDAQ,2026-10-08,388050,20,388050,0,有正常成交迹象,
330860,네패스아크,KOSDAQ,2026-10-08,327307,20,327307,0,有正常成交迹象,
101730,위메이드맥스,KOSDAQ,2026-10-08,2157056,20,793479,1363577,有正常成交迹象,
397030,에이프릴바이오,KOSDAQ,2026-10-08,664283,20,386672,277611,有正常成交迹象,
372320,큐로셀,KOSDAQ,2026-10-08,152468,20,72080,80388,有正常成交迹象,
039440,에스티아이,KOSDAQ,2026-10-08,290408,20,168554,121854,有正常成交迹象,
393890,더블유씨피,KOSDAQ,2026-10-08,1102889,20,1102889,0,有正常成交迹象,
332570,PS일렉트로닉스,KOSDAQ,2026-10-08,1207309,20,1207309,0,有正常成交迹象,
236200,슈프리마,KOSDAQ,2026-10-08,29789,20,19027,10762,有正常成交迹象,
200710,에이디테크놀로지,KOSDAQ,2026-10-08,269843,20,112500,157343,有正常成交迹象,
138080,오이솔루션,KOSDAQ,2026-10-08,213130,20,213130,0,有正常成交迹象,
095660,네오위즈,KOSDAQ,2026-10-08,47213,20,41378,5835,有正常成交迹象,
092190,서울바이오시스,KOSDAQ,2026-10-08,93921,20,93921,0,有正常成交迹象,
025900,동화기업,KOSDAQ,2026-10-08,171169,20,123428,47741,有正常成交迹象,
078160,메디포스트,KOSDAQ,2026-10-08,88775,20,57801,30974,有正常成交迹象,
477850,마키나락스,KOSDAQ,2026-10-08,277101,20,277101,0,有正常成交迹象,
069080,웹젠,KOSDAQ,2026-10-08,169547,20,161529,8018,有正常成交迹象,
092730,네오팜,KOSDAQ,2026-10-08,50775,20,34268,16507,有正常成交迹象,
354320,알멕,KOSDAQ,2026-10-08,384180,20,384180,0,有正常成交迹象,
046970,우리로,KOSDAQ,2026-10-08,2157505,20,2157505,0,有正常成交迹象,
025320,시노펙스,KOSDAQ,2026-10-08,461412,20,265357,196055,有正常成交迹象,
036800,나이스정보통신,KOSDAQ,2026-10-08,51904,20,37139,14765,有正常成交迹象,
110990,디아이티,KOSDAQ,2026-10-08,135453,20,77251,58202,有正常成交迹象,
168360,펨트론,KOSDAQ,2026-10-08,959785,20,221490,738295,有正常成交迹象,
060280,큐렉소,KOSDAQ,2026-10-08,231125,20,231125,0,有正常成交迹象,
389470,인벤티지랩,KOSDAQ,2026-10-08,284856,20,141934,142922,有正常成交迹象,
078020,LS증권,KOSDAQ,2026-10-08,29754,20,29754,0,有正常成交迹象,
003800,에이스침대,KOSDAQ,2026-10-08,1882,20,1882,0,有正常成交迹象,
456010,아이씨티케이,KOSDAQ,2026-10-08,755898,20,755898,0,有正常成交迹象,
482630,삼양엔씨켐,KOSDAQ,2026-10-08,347412,20,347412,0,有正常成交迹象,
425040,티이엠씨,KOSDAQ,2026-10-08,822795,20,822795,0,有正常成交迹象,
006910,보성파워텍,KOSDAQ,2026-10-08,715170,20,715170,0,有正常成交迹象,
093520,매커스,KOSDAQ,2026-10-08,11604,20,7751,3853,有正常成交迹象,
091580,상신이디피,KOSDAQ,2026-10-08,523506,20,523506,0,有正常成交迹象,
036620,감성코퍼레이션,KOSDAQ,2026-10-08,173896,20,133201,40695,有正常成交迹象,
064260,다날,KOSDAQ,2026-10-08,489754,20,489754,0,有正常成交迹象,
017890,한국알콜,KOSDAQ,2026-10-08,133129,20,133129,0,有正常成交迹象,
036200,유니셈,KOSDAQ,2026-10-08,415660,20,238905,176755,有正常成交迹象,
121440,골프존홀딩스,KOSDAQ,2026-10-08,6415,20,6415,0,有正常成交迹象,
061970,LB세미콘,KOSDAQ,2026-10-08,281175,20,281175,0,有正常成交迹象,
018000,유니슨,KOSDAQ,2026-10-08,1143801,20,1143801,0,有正常成交迹象,
215600,신라젠,KOSDAQ,2026-10-08,527281,20,527281,0,有正常成交迹象,
117730,티로보틱스,KOSDAQ,2026-10-08,133011,20,54208,78803,有正常成交迹象,
448900,한국피아이엠,KOSDAQ,2026-10-08,75924,20,45511,30413,有正常成交迹象,
446540,메가터치,KOSDAQ,2026-10-08,819432,20,819432,0,有正常成交迹象,
234340,헥토파이낸셜,KOSDAQ,2026-10-08,179934,20,179934,0,有正常成交迹象,
455900,엔젤로보틱스,KOSDAQ,2026-10-08,274652,20,197019,77633,有正常成交迹象,
265520,AP시스템,KOSDAQ,2026-10-08,62211,20,37340,24871,有正常成交迹象,
206650,유바이오로직스,KOSDAQ,2026-10-08,302094,20,302094,0,有正常成交迹象,
086390,유니테스트,KOSDAQ,2026-10-08,300289,20,167516,132773,有正常成交迹象,
900290,GRT,KOSDAQ,2026-10-08,179172,20,179172,0,有正常成交迹象,
424870,이뮨온시아,KOSDAQ,2026-10-08,1208349,20,489563,718786,有正常成交迹象,
199800,툴젠,KOSDAQ,2026-10-08,48698,20,27600,21098,有正常成交迹象,
115450,HLB테라퓨틱스,KOSDAQ,2026-10-08,9167959,20,9167959,0,有正常成交迹象,
160980,싸이맥스,KOSDAQ,2026-10-08,123089,20,123089,0,有正常成交迹象,
049070,인탑스,KOSDAQ,2026-10-08,80765,20,58847,21918,有正常成交迹象,
042520,한스바이오메드,KOSDAQ,2026-10-08,203653,20,144803,58850,有正常成交迹象,
025770,한국정보통신,KOSDAQ,2026-10-08,12073,20,12073,0,有正常成交迹象,
054950,제이브이엠,KOSDAQ,2026-10-08,37954,20,15713,22241,有正常成交迹象,
084110,휴온스글로벌,KOSDAQ,2026-10-08,50629,20,25717,24912,有正常成交迹象,
452430,사피엔반도체,KOSDAQ,2026-10-08,50164,20,29389,20775,有正常成交迹象,
092460,한라IMS,KOSDAQ,2026-10-08,31594,20,18780,12814,有正常成交迹象,
488900,비츠로넥스텍,KOSDAQ,2026-10-08,298488,20,130633,167855,有正常成交迹象,
484590,삼양컴텍,KOSDAQ,2026-10-08,135921,20,135921,0,有正常成交迹象,
200670,휴메딕스,KOSDAQ,2026-10-08,48073,20,29995,18078,有正常成交迹象,
035810,이지홀딩스,KOSDAQ,2026-10-08,87913,20,87913,0,有正常成交迹象,
314130,지놈앤컴퍼니,KOSDAQ,2026-10-08,643488,20,643488,0,有正常成交迹象,
136480,하림,KOSDAQ,2026-10-08,195575,20,195575,0,有正常成交迹象,
085910,네오티스,KOSDAQ,2026-10-08,272433,20,272433,0,有正常成交迹象,
228760,지노믹트리,KOSDAQ,2026-10-08,159182,20,98965,60217,有正常成交迹象,
012210,삼미금속,KOSDAQ,2026-10-08,2241160,20,2241160,0,有正常成交迹象,
448280,에코아이,KOSDAQ,2026-10-08,5457,20,3043,2414,有正常成交迹象,
203650,드림시큐리티,KOSDAQ,2026-10-08,2978775,20,2978775,0,有正常成交迹象,
389500,에스비비테크,KOSDAQ,2026-10-08,62948,20,62948,0,有正常成交迹象,
386380,스카이랩스,KOSDAQ,2026-10-08,780497,20,780497,0,有正常成交迹象,
042370,비츠로테크,KOSDAQ,2026-10-08,490981,20,490981,0,有正常成交迹象,
352480,씨앤씨인터내셔널,KOSDAQ,2026-10-08,23037,20,15416,7621,有正常成交迹象,
317330,덕산테코피아,KOSDAQ,2026-10-08,159049,20,92482,66567,有正常成交迹象,
378340,필에너지,KOSDAQ,2026-10-08,122630,20,68610,54020,有正常成交迹象,
493280,아이엠바이오로직스,KOSDAQ,2026-10-08,76131,20,76131,0,有正常成交迹象,
394280,오픈엣지테크놀로지,KOSDAQ,2026-10-08,130025,20,77763,52262,有正常成交迹象,
094360,칩스앤미디어,KOSDAQ,2026-10-08,173836,20,94825,79011,有正常成交迹象,
101930,인화정공,KOSDAQ,2026-10-08,95166,20,47179,47987,有正常成交迹象,
100120,뷰웍스,KOSDAQ,2026-10-08,29474,20,29474,0,有正常成交迹象,
254490,미래반도체,KOSDAQ,2026-10-08,178224,20,178224,0,有正常成交迹象,
304360,에스바이오메딕스,KOSDAQ,2026-10-08,80354,20,42751,37603,有正常成交迹象,
036710,심텍홀딩스,KOSDAQ,2026-10-08,197076,20,197076,0,有正常成交迹象,
452280,한선엔지니어링,KOSDAQ,2026-10-08,484964,20,484964,0,有正常成交迹象,
060720,KH바텍,KOSDAQ,2026-10-08,54622,20,54622,0,有正常成交迹象,
309710,아이티켐,KOSDAQ,2026-10-08,0,0,0,0,疑似停牌/长期无成交,需进一步核验交易状态
035600,KG이니시스,KOSDAQ,2026-10-08,23469,20,18517,4952,有正常成交迹象,
267980,매일유업,KOSDAQ,2026-10-08,6403,20,4410,1993,有正常成交迹象,
182400,엔케이젠바이오텍코리아,KOSDAQ,2026-10-08,0,0,0,0,疑似停牌/长期无成交,需进一步核验交易状态
468670,브릴스,KOSDAQ,,0,0,2106525,0,历史不足待核验,不据此删除
472850,폰드그룹,KOSDAQ,2026-10-08,112616,20,70077,42539,有正常成交迹象,
051500,CJ프레시웨이,KOSDAQ,2026-10-08,11706,20,7952,3754,有正常成交迹象,
294570,쿠콘,KOSDAQ,2026-10-08,110079,20,55622,54457,有正常成交迹象,
266690,덕산넵코어스,KOSDAQ,,0,0,16603950,0,历史不足待核验,不据此删除
272110,케이엔제이,KOSDAQ,2026-10-08,82334,20,82334,0,有正常成交迹象,
071200,인피니트헬스케어,KOSDAQ,2026-10-08,98740,20,98740,0,有正常成交迹象,
416180,신성에스티,KOSDAQ,2026-10-08,145814,20,75663,70151,有正常成交迹象,
287840,인투셀,KOSDAQ,2026-10-08,48935,20,36130,12805,有正常成交迹象,
089980,상아프론테크,KOSDAQ,2026-10-08,40058,20,16374,23684,有正常成交迹象,
099440,스맥,KOSDAQ,2026-10-08,189572,20,189572,0,有正常成交迹象,
091700,파트론,KOSDAQ,2026-10-08,144944,20,144944,0,有正常成交迹象,
098070,한텍,KOSDAQ,2026-10-08,128015,20,72355,55660,有正常成交迹象,
445090,에이직랜드,KOSDAQ,2026-10-08,361595,20,84903,276692,有正常成交迹象,
151860,KG에코솔루션,KOSDAQ,2026-10-08,31468,20,31468,0,有正常成交迹象,
121800,비덴트,KOSDAQ,2026-10-08,0,0,0,0,疑似停牌/长期无成交,需进一步核验交易状态
068930,디지털대성,KOSDAQ,2026-10-08,37231,20,37231,0,有正常成交迹象,
005160,동국산업,KOSDAQ,2026-10-08,23042605,20,23042605,0,有正常成交迹象,
024840,KBI메탈,KOSDAQ,2026-10-08,1019613,20,1019613,0,有正常成交迹象,
484120,도우인시스,KOSDAQ,2026-10-08,96662,20,66291,30371,有正常成交迹象,
043150,바텍,KOSDAQ,2026-10-08,49192,20,42024,7168,有正常成交迹象,
377460,큐에이드,KOSDAQ,2026-10-08,0,0,0,0,疑似停牌/长期无成交,需进一步核验交易状态
112290,와이씨켐,KOSDAQ,2026-10-08,246442,20,246442,0,有正常成交迹象,
032580,피델릭스,KOSDAQ,2026-10-08,460736,20,460736,0,有正常成交迹象,
073490,LIG아큐버,KOSDAQ,2026-10-08,40159,20,40159,0,有正常成交迹象,
243840,신흥에스이씨,KOSDAQ,2026-10-08,972230,20,972230,0,有正常成交迹象,
023410,유진기업,KOSDAQ,2026-10-08,153623,20,153623,0,有正常成交迹象,
439090,마녀공장,KOSDAQ,2026-10-08,185009,20,85204,99805,有正常成交迹象,
389650,넥스트바이오메디컬,KOSDAQ,2026-10-08,107665,20,58218,49447,有正常成交迹象,
0035S0,빅웨이브로보틱스,KOSDAQ,,0,0,1193006,0,历史不足待核验,不据此删除
036030,케이티알파,KOSDAQ,2026-10-08,33001,20,33001,0,有正常成交迹象,
461300,아이스크림미디어,KOSDAQ,2026-10-08,20170,20,20170,0,有正常成交迹象,
389260,대명에너지,KOSDAQ,2026-10-08,58447,20,58447,0,有正常成交迹象,
0011T0,채비,KOSDAQ,2026-10-08,139629,20,139629,0,有正常成交迹象,
377450,리파인,KOSDAQ,2026-10-08,11846,20,11846,0,有正常成交迹象,
061090,세나테크놀로지,KOSDAQ,2026-10-08,47139,20,24520,22619,有正常成交迹象,
450950,아스테라시스,KOSDAQ,2026-10-08,160037,20,85114,74923,有正常成交迹象,
114190,강원에너지,KOSDAQ,2026-10-08,195420,20,98381,97039,有正常成交迹象,
083310,엘오티베큠,KOSDAQ,2026-10-08,189495,20,189495,0,有正常成交迹象,
099430,바이오플러스,KOSDAQ,2026-10-08,167138,20,167138,0,有正常成交迹象,
108860,셀바스AI,KOSDAQ,2026-10-08,328116,20,124648,203468,有正常成交迹象,
043370,피에이치에이,KOSDAQ,2026-10-08,16134,20,9716,6418,有正常成交迹象,
064850,에프앤가이드,KOSDAQ,2026-10-08,24207,20,24207,0,有正常成交迹象,
067390,아스트,KOSDAQ,2026-10-08,41674,20,41674,0,有正常成交迹象,
036890,진성티이씨,KOSDAQ,2026-10-08,181668,20,118302,63366,有正常成交迹象,
340450,지씨지놈,KOSDAQ,2026-10-08,520447,20,520447,0,有正常成交迹象,
064820,케이프,KOSDAQ,2026-10-08,77714,20,48857,28857,有正常成交迹象,
200130,콜마비앤에이치,KOSDAQ,2026-10-08,53884,20,32457,21427,有正常成交迹象,
462350,이노스페이스,KOSDAQ,2026-10-08,1749613,20,1749613,0,有正常成交迹象,
011560,세보엠이씨,KOSDAQ,2026-10-08,96601,20,96601,0,有正常成交迹象,
126600,BGF에코머티리얼즈,KOSDAQ,2026-10-08,1329414,20,1329414,0,有正常成交迹象,
144510,지씨셀,KOSDAQ,2026-10-08,47793,20,32547,15246,有正常成交迹象,
180400,DXVX,KOSDAQ,2026-10-08,32869,20,32869,0,有正常成交迹象,
376270,HEM파마,KOSDAQ,2026-10-08,21457,20,14443,7014,有正常成交迹象,
243070,휴온스,KOSDAQ,2026-10-08,43079,20,29355,13724,有正常成交迹象,
382800,지앤비에스 에코,KOSDAQ,2026-10-08,2877962,20,2877962,0,有正常成交迹象,
298830,슈어소프트테크,KOSDAQ,2026-10-08,115699,20,115699,0,有正常成交迹象,
215000,골프존,KOSDAQ,2026-10-08,10677,20,6248,4429,有正常成交迹象,
078150,HB테크놀러지,KOSDAQ,2026-10-08,3901144,20,3901144,0,有正常成交迹象,
067080,대화제약,KOSDAQ,2026-10-08,1648823,20,753442,895381,有正常成交迹象,
293780,압타바이오,KOSDAQ,2026-10-08,81641,20,81641,0,有正常成交迹象,
486510,글로벌테크놀로지,KOSDAQ,,0,0,2908564,0,历史不足待核验,不据此删除
419530,SAMG엔터,KOSDAQ,2026-10-08,383198,20,175139,208059,有正常成交迹象,
0008Z0,에스엔시스,KOSDAQ,2026-10-08,19853,20,19853,0,有正常成交迹象,
018310,삼목에스폼,KOSDAQ,2026-10-08,8828,20,7214,1614,有正常成交迹象,
065710,서호전기,KOSDAQ,2026-10-08,6727,20,6727,0,有正常成交迹象,
023760,한국캐피탈,KOSDAQ,2026-10-08,31182,20,31182,0,有正常成交迹象,
237880,클리오,KOSDAQ,2026-10-08,192292,20,99893,92399,有正常成交迹象,
216080,제테마,KOSDAQ,2026-10-08,81494,20,81494,0,有正常成交迹象,
095500,미래나노텍,KOSDAQ,2026-10-08,166485,20,92923,73562,有正常成交迹象,
064550,바이오니아,KOSDAQ,2026-10-08,232738,20,124040,108698,有正常成交迹象,
187870,디바이스,KOSDAQ,2026-10-08,645550,20,645550,0,有正常成交迹象,
065680,우주일렉트로,KOSDAQ,2026-10-08,11353,20,6806,4547,有正常成交迹象,
190510,나무가,KOSDAQ,2026-10-08,70291,20,44368,25923,有正常成交迹象,
094480,갤럭시아머니트리,KOSDAQ,2026-10-08,213618,20,213618,0,有正常成交迹象,
365270,큐라클,KOSDAQ,2026-10-08,94503,20,94503,0,有正常成交迹象,
0001A0,덕양에너젠,KOSDAQ,2026-10-08,36650,20,36650,0,有正常成交迹象,
126730,코칩,KOSDAQ,2026-10-08,163040,20,163040,0,有正常成交迹象,
176750,듀켐바이오,KOSDAQ,2026-10-08,135506,20,39978,95528,有正常成交迹象,
405100,큐알티,KOSDAQ,2026-10-08,61383,20,61383,0,有正常成交迹象,
206640,바디텍메드,KOSDAQ,2026-10-08,42374,20,19104,23270,有正常成交迹象,
263860,지니언스,KOSDAQ,2026-10-08,419314,20,419314,0,有正常成交迹象,
241520,DSC인베스트먼트,KOSDAQ,2026-10-08,86030,20,86030,0,有正常成交迹象,
382900,범한퓨얼셀,KOSDAQ,2026-10-08,150880,20,57228,93652,有正常成交迹象,
307180,아이엘,KOSDAQ,2026-10-08,454710,20,454710,0,有正常成交迹象,
439960,코스모로보틱스,KOSDAQ,2026-10-08,1422861,20,1422861,0,有正常成交迹象,
053300,한국정보인증,KOSDAQ,2026-10-08,189946,20,189946,0,有正常成交迹象,
045390,대아티아이,KOSDAQ,2026-10-08,387224,20,387224,0,有正常成交迹象,
256840,한국비엔씨,KOSDAQ,2026-10-08,2050117,20,2050117,0,有正常成交迹象,
950170,JTC,KOSDAQ,2026-10-08,21204,20,21204,0,有正常成交迹象,
005710,대원산업,KOSDAQ,2026-10-08,8630,20,6018,2612,有正常成交迹象,
452450,피아이이,KOSDAQ,2026-10-08,991660,20,991660,0,有正常成交迹象,
084990,헬릭스미스,KOSDAQ,2026-10-08,4217243,20,4217243,0,有正常成交迹象,
475400,씨메스로보틱스,KOSDAQ,2026-10-08,89529,20,55162,34367,有正常成交迹象,
125020,티씨머티리얼즈,KOSDAQ,2026-10-08,462185,20,462185,0,有正常成交迹象,
019010,베뉴지,KOSDAQ,2026-10-08,54236,20,54236,0,有正常成交迹象,
053030,바이넥스,KOSDAQ,2026-10-08,70115,20,46133,23982,有正常成交迹象,
049430,코메론,KOSDAQ,2026-10-08,55398,20,55398,0,有正常成交迹象,
380540,옵티코어,KOSDAQ,2026-10-08,0,0,0,0,疑似停牌/长期无成交,需进一步核验交易状态
462860,더즌,KOSDAQ,2026-10-08,1681136,20,1681136,0,有正常成交迹象,
481070,에이유브랜즈,KOSDAQ,2026-10-08,10853,20,3297,7556,有正常成交迹象,
459510,나우로보틱스,KOSDAQ,2026-10-08,58581,20,27152,31429,有正常成交迹象,
036170,에이치엠넥스,KOSDAQ,2026-10-08,182730,20,182730,0,有正常成交迹象,
014940,오리엔탈정공,KOSDAQ,2026-10-08,114604,20,114604,0,有正常成交迹象,
058970,엠로,KOSDAQ,2026-10-08,32259,20,17658,14601,有正常成交迹象,
403850,더핑크퐁컴퍼니,KOSDAQ,2026-10-08,409552,20,250838,158714,有正常成交迹象,
036190,금화피에스시,KOSDAQ,2026-10-08,6543,20,6543,0,有正常成交迹象,
234690,녹십자웰빙,KOSDAQ,2026-10-08,223707,20,223707,0,有正常成交迹象,
119610,인터로조,KOSDAQ,2026-10-08,43467,20,43467,0,有正常成交迹象,
217730,강스템바이오텍,KOSDAQ,2026-10-08,354101,20,354101,0,有正常成交迹象,
314930,바이오다인,KOSDAQ,2026-10-08,54727,20,32336,22391,有正常成交迹象,
353810,이지바이오,KOSDAQ,2026-10-08,55433,20,55433,0,有正常成交迹象,
351320,넥사다이내믹스,KOSDAQ,2026-10-08,260056,19,260056,0,有正常成交迹象,
080720,한국유니온제약,KOSDAQ,2026-10-08,0,0,0,0,疑似停牌/长期无成交,需进一步核验交易状态
051160,지어소프트,KOSDAQ,2026-10-08,208212,20,208212,0,有正常成交迹象,
194700,노바렉스,KOSDAQ,2026-10-08,79229,20,48314,30915,有正常成交迹象,
163730,핑거,KOSDAQ,2026-10-08,181506,20,181506,0,有正常成交迹象,
143240,사람인,KOSDAQ,2026-10-08,9979,20,9979,0,有正常成交迹象,
083930,아바코,KOSDAQ,2026-10-08,56761,20,56761,0,有正常成交迹象,
372170,윤성에프앤씨,KOSDAQ,2026-10-08,71891,20,42934,28957,有正常成交迹象,
388050,지투파워,KOSDAQ,2026-10-08,320782,20,320782,0,有正常成交迹象,
066620,국보디자인,KOSDAQ,2026-10-08,7610,20,7610,0,有正常成交迹象,
013120,동원개발,KOSDAQ,2026-10-08,70088,20,70088,0,有正常成交迹象,
394800,쓰리빌리언,KOSDAQ,2026-10-08,5570881,20,1217157,4353724,有正常成交迹象,
086670,비엠티,KOSDAQ,2026-10-08,38223,20,38223,0,有正常成交迹象,
016790,현대사료,KOSDAQ,2026-10-08,0,0,0,0,疑似停牌/长期无成交,需进一步核验交易状态
036560,KZ정밀,KOSDAQ,2026-10-08,7220,20,7220,0,有正常成交迹象,
041920,메디아나,KOSDAQ,2026-10-08,60559,20,60559,0,有正常成交迹象,
126700,하이비젼시스템,KOSDAQ,2026-10-08,82009,20,82009,0,有正常成交迹象,
102940,코오롱생명과학,KOSDAQ,2026-10-08,86721,20,62631,24090,有正常成交迹象,
052330,코텍,KOSDAQ,2026-10-08,5341,20,5341,0,有正常成交迹象,
034810,해성산업,KOSDAQ,2026-10-08,2633,20,2633,0,有正常成交迹象,
199430,케이엔알시스템,KOSDAQ,2026-10-08,115781,20,53641,62140,有正常成交迹象,
464080,에스오에스랩,KOSDAQ,2026-10-08,77781,20,77781,0,有正常成交迹象,
024060,흥구석유,KOSDAQ,2026-10-08,1145054,20,1145054,0,有正常成交迹象,
082800,비보존 제약,KOSDAQ,2026-10-08,101399,20,101399,0,有正常成交迹象,
068790,DMS,KOSDAQ,2026-10-08,36479,20,36479,0,有正常成交迹象,
214180,헥토이노베이션,KOSDAQ,2026-10-08,40172,20,40172,0,有正常成交迹象,
220100,퓨쳐켐,KOSDAQ,2026-10-08,124318,20,62495,61823,有正常成交迹象,
054210,이랜텍,KOSDAQ,2026-10-08,143144,20,143144,0,有正常成交迹象,
355150,코스텍시스,KOSDAQ,2026-10-08,160377,20,160377,0,有正常成交迹象,
092070,디엔에프,KOSDAQ,2026-10-08,119041,20,119041,0,有正常成交迹象,
012860,모베이스전자,KOSDAQ,2026-10-08,566328,20,566328,0,有正常成交迹象,
251370,와이엠티,KOSDAQ,2026-10-08,223841,20,223841,0,有正常成交迹象,
484810,티엑스알로보틱스,KOSDAQ,2026-10-08,66915,20,66915,0,有正常成交迹象,
192440,슈피겐코리아,KOSDAQ,2026-10-08,1969,20,1969,0,有正常成交迹象,
094820,일진파워,KOSDAQ,2026-10-08,78853,20,78853,0,有正常成交迹象,
138610,나이벡,KOSDAQ,2026-10-08,46718,20,21641,25077,有正常成交迹象,
230240,에치에프알,KOSDAQ,2026-10-08,109208,20,109208,0,有正常成交迹象,
260970,에스앤디,KOSDAQ,2026-10-08,10694,20,10694,0,有正常成交迹象,
104480,티케이케미칼,KOSDAQ,2026-10-08,472799,20,472799,0,有正常成交迹象,
357550,석경에이티,KOSDAQ,2026-10-08,2675,20,1969,706,有正常成交迹象,
304100,솔트룩스,KOSDAQ,2026-10-08,152155,20,76769,75386,有正常成交迹象,
488280,에스투더블유,KOSDAQ,2026-10-08,735112,20,735112,0,有正常成交迹象,
264850,이랜시스,KOSDAQ,2026-10-08,158655,20,158655,0,有正常成交迹象,
308430,셀비온,KOSDAQ,2026-10-08,36857,20,20165,16692,有正常成交迹象,
084850,아이티엠반도체,KOSDAQ,2026-10-08,19709,20,12511,7198,有正常成交迹象,
0015G0,그린광학,KOSDAQ,2026-10-08,39483,20,39483,0,有正常成交迹象,
013990,아가방컴퍼니,KOSDAQ,2026-10-08,159399,20,159399,0,有正常成交迹象,
489460,바이오비쥬,KOSDAQ,2026-10-08,67300,20,67300,0,有正常成交迹象,
123330,제닉,KOSDAQ,2026-10-08,169125,20,169125,0,有正常成交迹象,
119830,아이텍,KOSDAQ,2026-10-08,91018,20,91018,0,有正常成交迹象,
149950,아바텍,KOSDAQ,2026-10-08,61652,20,61652,0,有正常成交迹象,
088800,에이스테크,KOSDAQ,2026-10-08,187679,20,187679,0,有正常成交迹象,
143160,아이디스,KOSDAQ,2026-10-08,2741,20,2741,0,有正常成交迹象,
092130,이크레더블,KOSDAQ,2026-10-08,2927,20,2927,0,有正常成交迹象,
042510,라온시큐어,KOSDAQ,2026-10-08,2615949,20,2615949,0,有正常成交迹象,
039860,나노엔텍,KOSDAQ,2026-10-08,157884,20,157884,0,有正常成交迹象,
086820,바이오솔루션,KOSDAQ,2026-10-08,85460,20,85460,0,有正常成交迹象,
270660,에브리봇,KOSDAQ,2026-10-08,36897,20,19554,17343,有正常成交迹象,
264450,유비쿼스,KOSDAQ,2026-10-08,38791,20,38791,0,有正常成交迹象,
108380,대양전기공업,KOSDAQ,2026-10-08,21037,20,13523,7514,有正常成交迹象,
445180,퓨릿,KOSDAQ,2026-10-08,34600,20,34600,0,有正常成交迹象,
032620,GC메디아이,KOSDAQ,2026-10-08,52933,20,52933,0,有正常成交迹象,
199820,제일일렉트릭,KOSDAQ,2026-10-08,88937,20,88937,0,有正常成交迹象,
418550,제이오,KOSDAQ,2026-10-08,46634,20,46634,0,有正常成交迹象,
046120,오르비텍,KOSDAQ,2026-10-08,302777,20,302777,0,有正常成交迹象,
478340,나라스페이스테크놀로지,KOSDAQ,2026-10-08,283538,20,283538,0,有正常成交迹象,
141000,비아트론,KOSDAQ,2026-10-08,4474966,20,4474966,0,有正常成交迹象,
038390,레드캡투어,KOSDAQ,2026-10-08,4382,20,4382,0,有正常成交迹象,
245620,EDGC,KOSDAQ,2026-10-08,0,0,0,0,疑似停牌/长期无成交,需进一步核验交易状态
042420,네오위즈홀딩스,KOSDAQ,2026-10-08,11447,20,11447,0,有正常成交迹象,
051370,인터플렉스,KOSDAQ,2026-10-08,163788,20,163788,0,有正常成交迹象,
318060,그래피,KOSDAQ,2026-10-08,119785,20,119785,0,有正常成交迹象,
432720,퀄리타스반도체,KOSDAQ,2026-10-08,115122,20,115122,0,有正常成交迹象,
194480,데브시스터즈,KOSDAQ,2026-10-08,62542,20,46794,15748,有正常成交迹象,
156100,엘앤케이바이오,KOSDAQ,2026-10-08,594150,20,594150,0,有正常成交迹象,
0082N0,카나프테라퓨틱스,KOSDAQ,2026-10-08,52311,20,52311,0,有正常成交迹象,
950140,잉글우드랩,KOSDAQ,2026-10-08,10568,20,10568,0,有正常成交迹象,
086890,이수앱지스,KOSDAQ,2026-10-08,48416,20,48416,0,有正常成交迹象,
289080,SV인베스트먼트,KOSDAQ,2026-10-08,611675,20,611675,0,有正常成交迹象,
065660,안트로젠,KOSDAQ,2026-10-08,27556,20,17239,10317,有正常成交迹象,
267320,나인테크,KOSDAQ,2026-10-08,12646644,20,12646644,0,有正常成交迹象,
049630,재영솔루텍,KOSDAQ,2026-10-08,166182,20,166182,0,有正常成交迹象,
039830,오로라,KOSDAQ,2026-10-08,21039,20,21039,0,有正常成交迹象,
307750,국전,KOSDAQ,2026-10-08,18617274,20,18617274,0,有正常成交迹象,
158430,아톤,KOSDAQ,2026-10-08,3963280,20,3963280,0,有正常成交迹象,
417500,제이아이테크,KOSDAQ,2026-10-08,739334,20,739334,0,有正常成交迹象,
066410,버킷스튜디오,KOSDAQ,2026-10-08,0,0,0,0,疑似停牌/长期无成交,需进一步核验交易状态
290690,아리바이오홀딩스,KOSDAQ,2026-10-08,829313,20,829313,0,有正常成交迹象,
122990,와이솔,KOSDAQ,2026-10-08,43290,20,43290,0,有正常成交迹象,
093190,빅솔론,KOSDAQ,2026-10-08,6532,20,6532,0,有正常成交迹象,
388790,라이콤,KOSDAQ,2026-10-08,362215,20,362215,0,有正常成交迹象,
274090,켄코아에어로스페이스,KOSDAQ,2026-10-08,559877,20,559877,0,有正常成交迹象,
032940,원익,KOSDAQ,2026-10-08,120110,20,120110,0,有正常成交迹象,
204610,티쓰리,KOSDAQ,2026-10-08,38006,20,38006,0,有正常成交迹象,
146320,비씨엔씨,KOSDAQ,2026-10-08,89140,20,89140,0,有正常成交迹象,
123860,아나패스,KOSDAQ,2026-10-08,5511,20,5511,0,有正常成交迹象,
396300,HT로보틱스,KOSDAQ,2026-10-08,5290076,20,5290076,0,有正常成交迹象,
226590,엠디바이스,KOSDAQ,2026-10-08,30088,20,30088,0,有正常成交迹象,
101360,에코앤드림,KOSDAQ,2026-10-08,2066975,20,410528,1656447,有正常成交迹象,
093640,케이알엠,KOSDAQ,2026-10-08,9390,20,9390,0,有正常成交迹象,
041520,이엘씨,KOSDAQ,2026-10-08,8807,20,8807,0,有正常成交迹象,
255220,SG,KOSDAQ,2026-10-08,1992036,20,1992036,0,有正常成交迹象,
011040,경동제약,KOSDAQ,2026-10-08,14399,20,14399,0,有正常成交迹象,
078070,유비쿼스홀딩스,KOSDAQ,2026-10-08,23585,20,23585,0,有正常成交迹象,
072870,메가스터디,KOSDAQ,2026-10-08,10281,20,10281,0,有正常成交迹象,
102120,어보브반도체,KOSDAQ,2026-10-08,215140,20,215140,0,有正常成交迹象,
023910,대한약품,KOSDAQ,2026-10-08,4505,20,4505,0,有正常成交迹象,
402030,코난테크놀로지,KOSDAQ,2026-10-08,25812,20,14335,11477,有正常成交迹象,
024800,유성티엔에스,KOSDAQ,2026-10-08,47110,20,47110,0,有正常成交迹象,
067280,멀티캠퍼스,KOSDAQ,2026-10-08,5682,20,5682,0,有正常成交迹象,
054450,텔레칩스,KOSDAQ,2026-10-08,46265,20,46265,0,有正常成交迹象,
067290,JW신약,KOSDAQ,2026-10-08,1906145,20,1906145,0,有正常成交迹象,
123410,코리아에프티,KOSDAQ,2026-10-08,70783,20,70783,0,有正常成交迹象,
489500,엘케이켐,KOSDAQ,2026-10-08,37285,20,37285,0,有正常成交迹象,
322310,오로스테크놀로지,KOSDAQ,2026-10-08,84124,20,84124,0,有正常成交迹象,
118990,모트렉스,KOSDAQ,2026-10-08,28133,20,28133,0,有正常成交迹象,
475040,스트라드비젼,KOSDAQ,2026-10-08,244078,20,244078,0,有正常成交迹象,
142210,유니트론텍,KOSDAQ,2026-10-08,634786,20,634786,0,有正常成交迹象,
220260,켐트로스,KOSDAQ,2026-10-08,133434,20,133434,0,有正常成交迹象,
041020,폴라리스오피스,KOSDAQ,2026-10-08,102422,20,102422,0,有正常成交迹象,
452190,한빛레이저,KOSDAQ,2026-10-08,14322359,20,14322359,0,有正常成交迹象,
007330,푸른저축은행,KOSDAQ,2026-10-08,4533,20,4533,0,有正常成交迹象,
179290,엠아이텍,KOSDAQ,2026-10-08,31330,20,31330,0,有正常成交迹象,
080160,모두투어,KOSDAQ,2026-10-08,37840,20,37840,0,有正常成交迹象,
0088M0,메쥬,KOSDAQ,2026-10-08,98341,20,98341,0,有正常成交迹象,
205500,넥써쓰,KOSDAQ,2026-10-08,75357,20,75357,0,有正常成交迹象,
054800,아이디스홀딩스,KOSDAQ,2026-10-08,2217,20,2217,0,有正常成交迹象,
069510,에스텍,KOSDAQ,2026-10-08,3473,20,3473,0,有正常成交迹象,
042600,새로닉스,KOSDAQ,2026-10-08,21248,20,21248,0,有正常成交迹象,
494120,큐리오시스,KOSDAQ,2026-10-08,111905,20,71674,40231,有正常成交迹象,
413630,씨피시스템,KOSDAQ,2026-10-08,601581,20,601581,0,有正常成交迹象,
474650,링크솔루션,KOSDAQ,2026-10-08,45199,20,45199,0,有正常成交迹象,
0161M0,네오사피엔스,KOSDAQ,,0,0,1679056,0,历史不足待核验,不据此删除
0039P0,매드업,KOSDAQ,2026-10-08,423000,20,423000,0,有正常成交迹象,
052260,현대바이오랜드,KOSDAQ,2026-10-08,894440,20,894440,0,有正常成交迹象,
046440,KG파이낸셜,KOSDAQ,2026-10-08,29584,20,29584,0,有正常成交迹象,
105330,케이엔더블유,KOSDAQ,2026-10-08,78506,20,78506,0,有正常成交迹象,
264660,씨앤지하이테크,KOSDAQ,2026-10-08,25946,20,25946,0,有正常成交迹象,
049960,쎌바이오텍,KOSDAQ,2026-10-08,4575,20,4575,0,有正常成交迹象,
256940,킵스파마,KOSDAQ,2026-10-08,25527,20,25527,0,有正常成交迹象,
232680,라온로보틱스,KOSDAQ,2026-10-08,71270,20,71270,0,有正常成交迹象,
950250,테라뷰,KOSDAQ,2026-10-08,416127,20,416127,0,有正常成交迹象,
147830,제룡산업,KOSDAQ,2026-10-08,109801,20,109801,0,有正常成交迹象,
023600,삼보판지,KOSDAQ,2026-10-08,15039,20,15039,0,有正常成交迹象,
101970,우양에이치씨,KOSDAQ,2026-10-08,134471,20,134471,0,有正常成交迹象,
115310,인포바인,KOSDAQ,2026-10-08,3356,20,3356,0,有正常成交迹象,
083500,에프엔에스테크,KOSDAQ,2026-10-08,662995,20,662995,0,有正常成交迹象,
469610,이노테크,KOSDAQ,2026-10-08,62906,20,26683,36223,有正常成交迹象,
048870,시너지이노베이션,KOSDAQ,2026-10-08,136559,20,136559,0,有正常成交迹象,
071280,로체시스템즈,KOSDAQ,2026-10-08,103320,20,103320,0,有正常成交迹象,
089600,KT나스미디어,KOSDAQ,2026-10-08,4710,20,4710,0,有正常成交迹象,
212560,네오오토,KOSDAQ,2026-10-08,99200,20,99200,0,有正常成交迹象,
228850,레이언스,KOSDAQ,2026-10-08,57855,20,57855,0,有正常成交迹象,
005990,매일홀딩스,KOSDAQ,2026-10-08,8037,20,8037,0,有正常成交迹象,
037070,파세코,KOSDAQ,2026-10-08,88002,20,88002,0,有正常成交迹象,
115500,케이씨에스,KOSDAQ,2026-10-08,286997,20,286997,0,有正常成交迹象,
052860,아이앤씨,KOSDAQ,2026-10-08,55259,20,55259,0,有正常成交迹象,
054920,한컴위드,KOSDAQ,2026-10-08,1033290,20,1033290,0,有正常成交迹象,
265740,엔에프씨,KOSDAQ,2026-10-08,278973,20,278973,0,有正常成交迹象,
0007C0,아크릴,KOSDAQ,2026-10-08,111901,20,111901,0,有正常成交迹象,
060150,인선이엔티,KOSDAQ,2026-10-08,20875,20,20875,0,有正常成交迹象,
059120,아진엑스텍,KOSDAQ,2026-10-08,274458,20,274458,0,有正常成交迹象,
321550,티움바이오,KOSDAQ,2026-10-08,109369,20,109369,0,有正常成交迹象,
148150,세경하이테크,KOSDAQ,2026-10-08,46651,20,46651,0,有正常成交迹象,
172670,에이엘티,KOSDAQ,2026-10-08,151341,20,151341,0,有正常成交迹象,
035610,솔본,KOSDAQ,2026-10-08,93613,20,93613,0,有正常成交迹象,
003100,선광,KOSDAQ,2026-10-08,4743,20,4743,0,有正常成交迹象,
126640,화신정공,KOSDAQ,2026-10-08,459247,20,459247,0,有正常成交迹象,
136540,윈스테크넷,KOSDAQ,2026-10-08,15030,20,15030,0,有正常成交迹象,
387690,레메디,KOSDAQ,2026-10-08,428252,20,428252,0,有正常成交迹象,
297090,씨에스베어링,KOSDAQ,2026-10-08,47042,20,47042,0,有正常成交迹象,
114840,아이패밀리에스씨,KOSDAQ,2026-10-08,94987,20,57765,37222,有正常成交迹象,
217190,제너셈,KOSDAQ,2026-10-08,1361677,20,1361677,0,有正常成交迹象,
095700,제넥신,KOSDAQ,2026-10-08,182019,20,182019,0,有正常成交迹象,
001540,안국약품,KOSDAQ,2026-10-08,18813,20,18813,0,有正常成交迹象,
322510,제이엘케이,KOSDAQ,2026-10-08,107008,20,107008,0,有正常成交迹象,
038290,마크로젠,KOSDAQ,2026-10-08,20372,20,20372,0,有正常成交迹象,
240550,동방메디컬,KOSDAQ,2026-10-08,58834,20,58834,0,有正常成交迹象,
047770,코데즈컴바인,KOSDAQ,2026-10-08,264168,20,264168,0,有正常成交迹象,
419050,삼기에너지솔루션즈,KOSDAQ,2026-10-08,24750661,20,24750661,0,有正常成交迹象,
457550,우진엔텍,KOSDAQ,2026-10-08,0,16,0,0,有正常成交迹象,
285490,노바텍,KOSDAQ,2026-10-08,25776,20,25776,0,有正常成交迹象,
039840,디오,KOSDAQ,2026-10-08,63748,20,35475,28273,有正常成交迹象,
282880,코윈로보틱스,KOSDAQ,2026-10-08,23655,20,23655,0,有正常成交迹象,
049720,고려신용정보,KOSDAQ,2026-10-08,16439,20,16439,0,有正常成交迹象,
009780,엠에스씨,KOSDAQ,2026-10-08,7493,20,7493,0,有正常成交迹象,
408920,메쎄이상,KOSDAQ,2026-10-08,17786,20,17786,0,有正常成交迹象,
140670,알에스오토메이션,KOSDAQ,2026-10-08,42032,20,42032,0,有正常成交迹象,
072950,빛샘전자,KOSDAQ,2026-10-08,810079,20,810079,0,有正常成交迹象,
451760,컨텍,KOSDAQ,2026-10-08,77456,20,77456,0,有正常成交迹象,
035080,그래디언트,KOSDAQ,2026-10-08,42151,20,42151,0,有正常成交迹象,
094840,슈프리마에이치큐,KOSDAQ,2026-10-08,18176,20,18176,0,有正常成交迹象,
300080,플리토,KOSDAQ,2026-10-08,110172,20,48507,61665,有正常成交迹象,
0010S0,와이즈플래닛컴퍼니,KOSDAQ,,0,0,1079197,0,历史不足待核验,不据此删除
402490,그린리소스,KOSDAQ,2026-10-08,85705,20,85705,0,有正常成交迹象,
417010,나노팀,KOSDAQ,2026-10-08,148534,20,148534,0,有正常成交迹象,
037350,성도이엔지,KOSDAQ,2026-10-08,136887,20,136887,0,有正常成交迹象,
222040,코스맥스엔비티,KOSDAQ,2026-10-08,103312,20,103312,0,有正常成交迹象,
259630,엠플러스,KOSDAQ,2026-10-08,218253,20,218253,0,有正常成交迹象,
080420,모다이노칩,KOSDAQ,2026-10-08,3710,20,3710,0,有正常成交迹象,
950190,고스트스튜디오,KOSDAQ,2026-10-08,12272,20,12272,0,有正常成交迹象,
290720,푸드나무,KOSDAQ,2026-10-08,110690,20,110690,0,有正常成交迹象,
036690,코맥스,KOSDAQ,2026-10-08,0,0,0,0,疑似停牌/长期无成交,需进一步核验交易状态
0015N0,아로마티카,KOSDAQ,2026-10-08,633949,20,633949,0,有正常成交迹象,
053260,금강철강,KOSDAQ,2026-10-08,191325,20,191325,0,有正常成交迹象,
473980,노머스,KOSDAQ,2026-10-08,158653,20,120392,38261,有正常成交迹象,
047310,파워로직스,KOSDAQ,2026-10-08,355449,20,355449,0,有正常成交迹象,
361390,제노코,KOSDAQ,2026-10-08,55600,20,55600,0,有正常成交迹象,
056090,시지메드텍,KOSDAQ,2026-10-08,140829,4,140829,0,有正常成交迹象,
086980,쇼박스,KOSDAQ,2026-10-08,1878526,20,1878526,0,有正常成交迹象,
166480,코아스템켐온,KOSDAQ,2026-10-08,130024,20,130024,0,有正常成交迹象,
079960,동양이엔피,KOSDAQ,2026-10-08,28418,20,28418,0,有正常成交迹象,
417030,니어스랩,KOSDAQ,2026-10-08,686194,20,686194,0,有正常成交迹象,
321370,센서뷰,KOSDAQ,2026-10-08,2800318,20,2800318,0,有正常成交迹象,
027710,팜스토리,KOSDAQ,2026-10-08,71658,20,71658,0,有正常成交迹象,
105740,디케이락,KOSDAQ,2026-10-08,1171711,20,1171711,0,有正常成交迹象,
293580,나우IB,KOSDAQ,2026-10-08,205644,20,205644,0,有正常成交迹象,
108230,톱텍,KOSDAQ,2026-10-08,60236,20,60236,0,有正常成交迹象,
073010,케이에스피,KOSDAQ,2026-10-08,151816,20,151816,0,有正常成交迹象,
458650,성우,KOSDAQ,2026-10-08,7779,20,7779,0,有正常成交迹象,
418420,라온텍,KOSDAQ,2026-10-08,113164,20,113164,0,有正常成交迹象,
331920,셀레믹스,KOSDAQ,2026-10-08,79666,20,79666,0,有正常成交迹象,
211270,AP위성,KOSDAQ,2026-10-08,236450,20,236450,0,有正常成交迹象,
039560,다산네트웍스,KOSDAQ,2026-10-08,324830,20,324830,0,有正常成交迹象,
299030,하나기술,KOSDAQ,2026-10-08,82925,20,56235,26690,有正常成交迹象,
053080,케이엔솔,KOSDAQ,2026-10-08,33571,20,33571,0,有正常成交迹象,
308080,바이젠셀,KOSDAQ,2026-10-08,63309,20,63309,0,有正常成交迹象,
095190,신화프리텍,KOSDAQ,2026-10-08,68417,20,68417,0,有正常成交迹象,
101170,우림피티에스,KOSDAQ,2026-10-08,41745,20,41745,0,有正常成交迹象,
115440,우리넷,KOSDAQ,2026-10-08,374503,20,374503,0,有正常成交迹象,
297890,HB솔루션,KOSDAQ,2026-10-08,176125,20,176125,0,有正常成交迹象,
336680,탑런토탈솔루션,KOSDAQ,2026-10-08,10306,20,10306,0,有正常成交迹象,
474610,RF시스템즈,KOSDAQ,2026-10-08,61424,20,61424,0,有正常成交迹象,
443670,에스피소프트,KOSDAQ,2026-10-08,588003,20,588003,0,有正常成交迹象,
338840,와이바이오로직스,KOSDAQ,2026-10-08,107136,20,52129,55007,有正常成交迹象,
021320,KCC건설,KOSDAQ,2026-10-08,25401,20,25401,0,有正常成交迹象,
067990,도이치모터스,KOSDAQ,2026-10-08,64445,20,64445,0,有正常成交迹象,
008830,대동기어,KOSDAQ,2026-10-08,198735,20,198735,0,有正常成交迹象,
255440,야스,KOSDAQ,2026-10-08,101665,20,101665,0,有正常成交迹象,
041590,플래스크,KOSDAQ,2026-10-08,0,0,0,0,疑似停牌/长期无成交,需进一步核验交易状态
129920,대성하이텍,KOSDAQ,2026-10-08,141711,20,141711,0,有正常成交迹象,
138360,앤로보틱스,KOSDAQ,2026-10-08,1028072,20,1028072,0,有正常成交迹象,
290740,액트로,KOSDAQ,2026-10-08,20278,20,20278,0,有正常成交迹象,
411080,샌즈랩,KOSDAQ,2026-10-08,1473098,20,1473098,0,有正常成交迹象,
396470,워트,KOSDAQ,2026-10-08,71495,20,71495,0,有正常成交迹象,
017510,세명전기,KOSDAQ,2026-10-08,93578,20,93578,0,有正常成交迹象,
333430,일승,KOSDAQ,2026-10-08,113334,20,113334,0,有正常成交迹象,
049520,유아이엘,KOSDAQ,2026-10-08,57052,20,57052,0,有正常成交迹象,
493330,지에프아이,KOSDAQ,2026-10-08,62925,20,62925,0,有正常成交迹象,
474170,루미르,KOSDAQ,2026-10-08,78353,20,78353,0,有正常成交迹象,
134580,엔키AX,KOSDAQ,2026-10-08,571744,20,571744,0,有正常成交迹象,
311320,지오엘리먼트,KOSDAQ,2026-10-08,43846,20,43846,0,有正常成交迹象,
054050,NH농우바이오,KOSDAQ,2026-10-08,11169,20,11169,0,有正常成交迹象,
063570,NICE인프라,KOSDAQ,2026-10-08,6018,20,6018,0,有正常成交迹象,
125210,아모그린텍,KOSDAQ,2026-10-08,387622,20,387622,0,有正常成交迹象,
217270,넵튠,KOSDAQ,2026-10-08,51534,20,51534,0,有正常成交迹象,
131030,옵투스제약,KOSDAQ,2026-10-08,39391,20,39391,0,有正常成交迹象,
217820,원익피앤이,KOSDAQ,2026-10-08,251984,20,251984,0,有正常成交迹象,
041440,현대에버다임,KOSDAQ,2026-10-08,58357,20,58357,0,有正常成交迹象,
018120,진로발효,KOSDAQ,2026-10-08,686,20,686,0,有正常成交迹象,
209640,와이제이링크,KOSDAQ,2026-10-08,448382,20,448382,0,有正常成交迹象,
338220,뷰노,KOSDAQ,2026-10-08,528307,20,174588,353719,有正常成交迹象,
278650,HLB바이오스텝,KOSDAQ,2026-10-08,5619620,20,5619620,0,有正常成交迹象,
122450,KX,KOSDAQ,2026-10-08,31882,20,31882,0,有正常成交迹象,
317770,엑스페릭스,KOSDAQ,2026-10-08,120808,20,120808,0,有正常成交迹象,
334970,프레스티지바이오로직스,KOSDAQ,2026-10-08,24272,20,24272,0,有正常成交迹象,
310200,애니플러스,KOSDAQ,2026-10-08,311007,20,311007,0,有正常成交迹象,
051360,토비스,KOSDAQ,2026-10-08,12105,20,7252,4853,有正常成交迹象,
036630,세종텔레콤,KOSDAQ,2026-10-08,961,20,961,0,有正常成交迹象,
053350,이니텍,KOSDAQ,2026-10-08,66086,20,66086,0,有正常成交迹象,
090850,현대이지웰,KOSDAQ,2026-10-08,45444,20,45444,0,有正常成交迹象,
389020,자람테크놀로지,KOSDAQ,2026-10-08,57154,20,57154,0,有正常成交迹象,
123040,엠에스오토텍,KOSDAQ,2026-10-08,54256,20,54256,0,有正常成交迹象,
038540,상상인,KOSDAQ,2026-10-08,8427,20,8427,0,有正常成交迹象,
201490,미투온,KOSDAQ,2026-10-08,1106139,20,1106139,0,有正常成交迹象,
051980,중앙첨단소재,KOSDAQ,2026-10-08,63761,7,63761,0,有正常成交迹象,
040300,YTN,KOSDAQ,2026-10-08,58118,20,58118,0,有正常成交迹象,
036010,아비코전자,KOSDAQ,2026-10-08,84517,20,84517,0,有正常成交迹象,
261780,아리바이오랩,KOSDAQ,2026-10-08,511386,20,511386,0,有正常成交迹象,
106190,하이텍팜,KOSDAQ,2026-10-08,9673,20,9673,0,有正常成交迹象,
339950,아이비김영,KOSDAQ,2026-10-08,11651,20,11651,0,有正常成交迹象,
053700,삼보모터스,KOSDAQ,2026-10-08,72459,20,72459,0,有正常成交迹象,
039340,한국경제TV,KOSDAQ,2026-10-08,1078,20,1078,0,有正常成交迹象,
120240,대정화금,KOSDAQ,2026-10-08,6667,20,6667,0,有正常成交迹象,
242040,나무AX,KOSDAQ,2026-10-08,202856,20,202856,0,有正常成交迹象,
130580,나이스디앤비,KOSDAQ,2026-10-08,23540,20,23540,0,有正常成交迹象,
067900,와이엔텍,KOSDAQ,2026-10-08,10243,20,10243,0,有正常成交迹象,
246710,티앤알바이오팹,KOSDAQ,2026-10-08,107611,20,107611,0,有正常成交迹象,
439580,블루엠텍,KOSDAQ,2026-10-08,4197246,20,4197246,0,有正常成交迹象,
073560,우리손에프앤지,KOSDAQ,2026-10-08,34916,20,34916,0,有正常成交迹象,
079650,서산,KOSDAQ,2026-10-08,424502,20,424502,0,有正常成交迹象,
289930,웨이비스,KOSDAQ,2026-10-08,41533,20,41533,0,有正常成交迹象,
048910,대원미디어,KOSDAQ,2026-10-08,506644,20,506644,0,有正常成交迹象,
453450,그리드위즈,KOSDAQ,2026-10-08,9666,20,9666,0,有正常成交迹象,
175250,아이큐어,KOSDAQ,2026-10-08,80359,20,80359,0,有正常成交迹象,
100590,머큐리,KOSDAQ,2026-10-08,847964,20,847964,0,有正常成交迹象,
0017J0,세미티에스,KOSDAQ,2026-10-08,1142364,20,1142364,0,有正常成交迹象,
235980,메드팩토,KOSDAQ,2026-10-08,95098,20,95098,0,有正常成交迹象,
153890,져스텍,KOSDAQ,2026-10-08,117432,20,117432,0,有正常成交迹象,
091440,한울소재과학,KOSDAQ,2026-10-08,131787,20,131787,0,有正常成交迹象,
136150,원일티엔아이,KOSDAQ,2026-10-08,72825,20,72825,0,有正常成交迹象,
306620,지아이에스,KOSDAQ,2026-10-08,248808,20,248808,0,有正常成交迹象,
173130,오파스넷,KOSDAQ,2026-10-08,77410,20,77410,0,有正常成交迹象,
100700,세운메디칼,KOSDAQ,2026-10-08,33291,20,33291,0,有正常成交迹象,
091120,이엠텍,KOSDAQ,2026-10-08,42682,20,42682,0,有正常成交迹象,
475230,엔알비,KOSDAQ,2026-10-08,57738,20,57738,0,有正常成交迹象,
059210,메타바이오메드,KOSDAQ,2026-10-08,67836,20,67836,0,有正常成交迹象,
307930,컴퍼니케이,KOSDAQ,2026-10-08,15938,20,15938,0,有正常成交迹象,
109740,디에스케이,KOSDAQ,2026-10-08,16071,20,16071,0,有正常成交迹象,
045970,코아시아,KOSDAQ,2026-10-08,90105,20,90105,0,有正常成交迹象,
366030,나인앤컴퍼니,KOSDAQ,2026-10-08,28200,20,28200,0,有正常成交迹象,
033560,블루콤,KOSDAQ,2026-10-08,53047,20,53047,0,有正常成交迹象,
323990,박셀바이오,KOSDAQ,2026-10-08,54977,20,54977,0,有正常成交迹象,
309960,LB인베스트먼트,KOSDAQ,2026-10-08,20527,20,20527,0,有正常成交迹象,
086960,MDS테크,KOSDAQ,2026-10-08,352688,20,352688,0,有正常成交迹象,
006620,동구바이오제약,KOSDAQ,2026-10-08,30501,20,30501,0,有正常成交迹象,
088130,동아엘텍,KOSDAQ,2026-10-08,68925,20,68925,0,有正常成交迹象,
246720,아스타,KOSDAQ,2026-10-08,0,0,0,0,疑似停牌/长期无成交,需进一步核验交易状态
0011A0,액스비스,KOSDAQ,2026-10-08,133739,20,133739,0,有正常成交迹象,
357580,아모센스,KOSDAQ,2026-10-08,211354,20,211354,0,有正常成交迹象,
097800,윈팩,KOSDAQ,2026-10-08,1277883,20,1277883,0,有正常成交迹象,
063170,서울옥션,KOSDAQ,2026-10-08,18129,20,18129,0,有正常成交迹象,
250060,모비스,KOSDAQ,2026-10-08,132098,20,132098,0,有正常成交迹象,
352090,스톰테크,KOSDAQ,2026-10-08,25419,20,25419,0,有正常成交迹象,
049950,미래컴퍼니,KOSDAQ,2026-10-08,19187,20,19187,0,有正常成交迹象,
192410,오늘이엔엠,KOSDAQ,2026-10-08,257725,20,257725,0,有正常成交迹象,
099750,이지케어텍,KOSDAQ,2026-10-08,13575,20,13575,0,有正常成交迹象,
037030,파워넷,KOSDAQ,2026-10-08,250631,20,250631,0,有正常成交迹象,
123010,MSDI,KOSDAQ,2026-10-08,486549,20,486549,0,有正常成交迹象,
100130,동국S&C,KOSDAQ,2026-10-08,11911265,20,11911265,0,有正常成交迹象,
322180,LS티라유텍,KOSDAQ,2026-10-08,79434,20,79434,0,有正常成交迹象,
021080,에이티넘인베스트,KOSDAQ,2026-10-08,95582,20,95582,0,有正常成交迹象,
412350,레이저쎌,KOSDAQ,2026-10-08,361773,20,361773,0,有正常成交迹象,
066790,씨씨에스,KOSDAQ,2026-10-08,0,0,0,0,疑似停牌/长期无成交,需进一步核验交易状态
182360,큐브엔터,KOSDAQ,2026-10-08,12311,20,12311,0,有正常成交迹象,
298540,더네이쳐홀딩스,KOSDAQ,2026-10-08,10264,20,10264,0,有正常成交迹象,
475580,에이럭스,KOSDAQ,2026-10-08,49442,20,49442,0,有正常成交迹象,
042500,링네트,KOSDAQ,2026-10-08,94692,20,94692,0,有正常成交迹象,
348350,위드텍,KOSDAQ,2026-10-08,29173,20,29173,0,有正常成交迹象,
052900,KX하이텍,KOSDAQ,2026-10-08,778462,20,778462,0,有正常成交迹象,
068240,다원시스,KOSDAQ,2026-10-08,0,0,0,0,疑似停牌/长期无成交,需进一步核验交易状态
307870,비투엔,KOSDAQ,2026-10-08,644575,20,644575,0,有正常成交迹象,
357880,SKAI,KOSDAQ,2026-10-08,370463,20,370463,0,有正常成交迹象,
362320,청담글로벌,KOSDAQ,2026-10-08,114012,20,114012,0,有正常成交迹象,
109670,씨싸이트,KOSDAQ,2026-10-08,302957,19,302957,0,有正常成交迹象,
223250,드림씨아이에스,KOSDAQ,2026-10-08,378078,20,378078,0,有正常成交迹象,
085670,뉴프렉스,KOSDAQ,2026-10-08,303372,20,303372,0,有正常成交迹象,
187790,나노,KOSDAQ,2026-10-08,48128,20,48128,0,有正常成交迹象,
017650,대림제지,KOSDAQ,2026-10-08,0,8,0,0,有正常成交迹象,
002230,피에스텍,KOSDAQ,2026-10-08,25284,20,25284,0,有正常成交迹象,
052420,오성첨단소재,KOSDAQ,2026-10-08,20111,20,20111,0,有正常成交迹象,
036220,오상헬스케어,KOSDAQ,2026-10-08,37577,20,37577,0,有正常成交迹象,
101330,모베이스,KOSDAQ,2026-10-08,172596,20,172596,0,有正常成交迹象,
032300,한국파마,KOSDAQ,2026-10-08,128477,20,128477,0,有正常成交迹象,
189330,씨이랩,KOSDAQ,2026-10-08,354481,20,354481,0,有正常成交迹象,
074430,아미노로직스,KOSDAQ,2026-10-08,25551,20,25551,0,有正常成交迹象,
282720,금양그린파워,KOSDAQ,2026-10-08,13404,20,13404,0,有正常成交迹象,
205100,엑셈,KOSDAQ,2026-10-08,0,19,0,0,有正常成交迹象,
330350,위더스제약,KOSDAQ,2026-10-08,72735,20,72735,0,有正常成交迹象,
246960,SCL사이언스,KOSDAQ,2026-10-08,302576,20,302576,0,有正常成交迹象,
432470,케이엔에스,KOSDAQ,2026-10-08,161286,20,161286,0,有正常成交迹象,
040420,정상제이엘에스,KOSDAQ,2026-10-08,22735,20,22735,0,有正常成交迹象,
053580,웹케시,KOSDAQ,2026-10-08,9809,20,9809,0,有正常成交迹象,
109610,에스와이,KOSDAQ,2026-10-08,89649,20,89649,0,有正常成交迹象,
044990,에이치엔에스하이텍,KOSDAQ,2026-10-08,2765,20,2765,0,有正常成交迹象,
005860,한일사료,KOSDAQ,2026-10-08,238328,20,238328,0,有正常成交迹象,
089230,THE E&M,KOSDAQ,2026-10-08,1023092,20,1023092,0,有正常成交迹象,
093920,서원인텍,KOSDAQ,2026-10-08,35096,20,35096,0,有正常成交迹象,
023900,풍국주정,KOSDAQ,2026-10-08,3132,20,3132,0,有正常成交迹象,
047560,이스트소프트,KOSDAQ,2026-10-08,27205,20,27205,0,有正常成交迹象,
380550,뉴로핏,KOSDAQ,2026-10-08,116397,20,116397,0,有正常成交迹象,
062970,한국첨단소재,KOSDAQ,2026-10-08,1475352,20,1475352,0,有正常成交迹象,
142280,녹십자엠에스,KOSDAQ,2026-10-08,8812093,20,8812093,0,有正常成交迹象,
323350,다원넥스뷰,KOSDAQ,2026-10-08,387121,20,387121,0,有正常成交迹象,
013310,아진산업,KOSDAQ,2026-10-08,54945,20,54945,0,有正常成交迹象,
009300,삼아제약,KOSDAQ,2026-10-08,265,20,265,0,有正常成交迹象,
054540,삼영엠텍,KOSDAQ,2026-10-08,114992,20,114992,0,有正常成交迹象,
234030,싸이닉솔루션,KOSDAQ,2026-10-08,270657,20,270657,0,有正常成交迹象,
251120,바이오에프디엔씨,KOSDAQ,2026-10-08,33372,20,33372,0,有正常成交迹象,
048530,인트론바이오,KOSDAQ,2026-10-08,97571,20,97571,0,有正常成交迹象,
226400,오스테오닉,KOSDAQ,2026-10-08,43188,20,43188,0,有正常成交迹象,
033290,로젠,KOSDAQ,2026-10-08,60213,20,60213,0,有正常成交迹象,
900260,로스웰,KOSDAQ,2026-10-08,11892,20,11892,0,有正常成交迹象,
004650,창해에탄올,KOSDAQ,2026-10-08,16778,20,16778,0,有正常成交迹象,
457370,한켐,KOSDAQ,2026-10-08,278420,20,278420,0,有正常成交迹象,
065450,빅텍,KOSDAQ,2026-10-08,298267,20,298267,0,有正常成交迹象,
117670,알파칩스,KOSDAQ,2026-10-08,769108,20,769108,0,有正常成交迹象,
357230,에이치피오,KOSDAQ,2026-10-08,16086,20,16086,0,有正常成交迹象,
096240,크레버스,KOSDAQ,2026-10-08,3710,20,3710,0,有正常成交迹象,
086710,선진뷰티사이언스,KOSDAQ,2026-10-08,10371,20,10371,0,有正常成交迹象,
066590,스모트로닉,KOSDAQ,2026-10-08,130244,20,130244,0,有正常成交迹象,
330730,스톤브릿지벤처스,KOSDAQ,2026-10-08,17850,20,17850,0,有正常成交迹象,
394420,리센스메디컬,KOSDAQ,2026-10-08,145234,20,145234,0,有正常成交迹象,
478560,블랙야크아이앤씨,KOSDAQ,2026-10-08,53555,20,53555,0,有正常成交迹象,
078140,대봉엘에스,KOSDAQ,2026-10-08,24774,20,24774,0,有正常成交迹象,
048550,SM C&C,KOSDAQ,2026-10-08,2407375,20,2407375,0,有正常成交迹象,
187420,HLB제넥스,KOSDAQ,2026-10-08,4664174,20,4664174,0,有正常成交迹象,
234300,에스트래픽,KOSDAQ,2026-10-08,18610,20,18610,0,有正常成交迹象,
037760,쎄니트,KOSDAQ,2026-10-08,51583,20,51583,0,有正常成交迹象,
072020,중앙백신,KOSDAQ,2026-10-08,7808,20,7808,0,有正常成交迹象,
303810,동국생명과학,KOSDAQ,2026-10-08,770260,20,770260,0,有正常成交迹象,
263720,디앤씨미디어,KOSDAQ,2026-10-08,9845,20,9845,0,有正常成交迹象,
006140,피제이전자,KOSDAQ,2026-10-08,375729,20,375729,0,有正常成交迹象,
052460,아이크래프트,KOSDAQ,2026-10-08,149873,20,149873,0,有正常成交迹象,
147760,피엠티,KOSDAQ,2026-10-08,793180,20,793180,0,有正常成交迹象,
198440,강동씨앤엘,KOSDAQ,2026-10-08,561780,20,561780,0,有正常成交迹象,
291650,츌립앤사이언스,KOSDAQ,2026-10-08,77827,20,77827,0,有正常成交迹象,
094860,네오리진,KOSDAQ,2026-10-08,47636,20,47636,0,有正常成交迹象,
038110,에코플라스틱,KOSDAQ,2026-10-08,85761,20,85761,0,有正常成交迹象,
049180,셀루메드,KOSDAQ,2026-10-08,0,0,0,0,疑似停牌/长期无成交,需进一步核验交易状态
183490,엔지켐생명과학,KOSDAQ,2026-10-08,0,0,0,0,疑似停牌/长期无成交,需进一步核验交易状态
066700,테라젠이텍스,KOSDAQ,2026-10-08,17757,20,17757,0,有正常成交迹象,
215100,로보로보,KOSDAQ,2026-10-08,41197,20,41197,0,有正常成交迹象,
360070,탑머티리얼,KOSDAQ,2026-10-08,13205,20,13205,0,有正常成交迹象,
078890,가온그룹,KOSDAQ,2026-10-08,37718,20,37718,0,有正常成交迹象,
036640,HRS,KOSDAQ,2026-10-08,46985,20,46985,0,有正常成交迹象,
058820,CMG제약,KOSDAQ,2026-10-08,0,15,0,0,有正常成交迹象,
067000,조이시티,KOSDAQ,2026-10-08,233186,20,233186,0,有正常成交迹象,
025950,동신건설,KOSDAQ,2026-10-08,21460,20,21460,0,有正常成交迹象,
388870,파로스아이바이오,KOSDAQ,2026-10-08,52519,20,52519,0,有正常成交迹象,
140070,서플러스글로벌,KOSDAQ,2026-10-08,21683,20,21683,0,有正常成交迹象,
382840,원준,KOSDAQ,2026-10-08,39695,20,39695,0,有正常成交迹象,
066980,한성크린텍,KOSDAQ,2026-10-08,246230,20,246230,0,有正常成交迹象,
294630,서남,KOSDAQ,2026-10-08,100305,20,100305,0,有正常成交迹象,
162300,신스틸,KOSDAQ,2026-10-08,204825,20,204825,0,有正常成交迹象,
107600,새빗켐,KOSDAQ,2026-10-08,20304,20,20304,0,有正常成交迹象,
029480,광무,KOSDAQ,2026-10-08,51242,20,51242,0,有正常成交迹象,
412540,제일엠앤에스,KOSDAQ,2026-10-08,0,0,0,0,疑似停牌/长期无成交,需进一步核验交易状态
104040,디에스엠,KOSDAQ,2026-10-08,46567,20,46567,0,有正常成交迹象,
185490,아이진,KOSDAQ,2026-10-08,54245,20,54245,0,有正常成交迹象,
046210,HLB파나진,KOSDAQ,2026-10-08,6719226,20,6719226,0,有正常成交迹象,
032540,TJ미디어,KOSDAQ,2026-10-08,20540,20,20540,0,有正常成交迹象,
131370,알서포트,KOSDAQ,2026-10-08,46865,20,46865,0,有正常成交迹象,
063080,컴투스홀딩스,KOSDAQ,2026-10-08,7024,20,7024,0,有正常成交迹象,
054670,대한뉴팜,KOSDAQ,2026-10-08,4190,20,4190,0,有正常成交迹象,
302550,리메드,KOSDAQ,2026-10-08,71841,20,71841,0,有正常成交迹象,
277880,티에스아이,KOSDAQ,2026-10-08,104969,20,104969,0,有正常成交迹象,
0015S0,페스카로,KOSDAQ,2026-10-08,26016,20,26016,0,有正常成交迹象,
418470,KT밀리의서재,KOSDAQ,2026-10-08,14331,20,14331,0,有正常成交迹象,
331380,포커스에이아이,KOSDAQ,2026-10-08,35684,20,35684,0,有正常成交迹象,
381620,제닉스로보틱스,KOSDAQ,2026-10-08,45397,20,45397,0,有正常成交迹象,
004590,한국가구,KOSDAQ,2026-10-08,20355,20,20355,0,有正常成交迹象,
104540,코렌텍,KOSDAQ,2026-10-08,189871,20,189871,0,有正常成交迹象,
137950,제이씨케미칼,KOSDAQ,2026-10-08,54186,20,54186,0,有正常成交迹象,
079810,APS이노베이션,KOSDAQ,2026-10-08,68510,20,68510,0,有正常成交迹象,
225530,HC보광산업,KOSDAQ,2026-10-08,35144,20,35144,0,有正常成交迹象,
475430,키스트론,KOSDAQ,2026-10-08,108069,20,108069,0,有正常成交迹象,
950130,엑세스바이오,KOSDAQ,2026-10-08,87638,20,87638,0,有正常成交迹象,
0117P0,피스피스스튜디오,KOSDAQ,2026-10-08,35392,20,35392,0,有正常成交迹象,
263600,덕우전자,KOSDAQ,2026-10-08,427251,20,427251,0,有正常成交迹象,
365330,에스와이스틸텍,KOSDAQ,2026-10-08,427289,20,427289,0,有正常成交迹象,
007820,엠엑스로보틱스,KOSDAQ,2026-10-08,75447,20,75447,0,有正常成交迹象,
066430,아이로보틱스,KOSDAQ,2026-10-08,197377,20,197377,0,有正常成交迹象,
012790,신일제약,KOSDAQ,2026-10-08,18632,20,18632,0,有正常成交迹象,
014950,삼익제약,KOSDAQ,2026-10-08,290926,20,290926,0,有正常成交迹象,
041910,폴라리스AI파마,KOSDAQ,2026-10-08,44866,20,44866,0,有正常成交迹象,
066310,큐에스아이,KOSDAQ,2026-10-08,54040,20,54040,0,有正常成交迹象,
058400,KNN,KOSDAQ,2026-10-08,3852,20,3852,0,有正常成交迹象,
065510,휴비츠,KOSDAQ,2026-10-08,20497,20,20497,0,有正常成交迹象,
038680,에스넷,KOSDAQ,2026-10-08,93578,20,93578,0,有正常成交迹象,
084730,팅크웨어,KOSDAQ,2026-10-08,12331,20,12331,0,有正常成交迹象,
047820,초록뱀미디어,KOSDAQ,2026-10-08,19933,20,19933,0,有正常成交迹象,
011320,유니크,KOSDAQ,2026-10-08,40759,20,40759,0,有正常成交迹象,
000440,중앙에너비스,KOSDAQ,2026-10-08,15500,20,15500,0,有正常成交迹象,
302430,이노메트리,KOSDAQ,2026-10-08,92535,20,92535,0,有正常成交迹象,
389030,지니너스,KOSDAQ,2026-10-08,267810,20,267810,0,有正常成交迹象,
024880,케이피에프,KOSDAQ,2026-10-08,30014,20,30014,0,有正常成交迹象,
040910,아이씨디,KOSDAQ,2026-10-08,7389,20,7389,0,有正常成交迹象,
088390,이녹스,KOSDAQ,2026-10-08,2332,20,2332,0,有正常成交迹象,
303360,프로티아,KOSDAQ,2026-10-08,28150,20,28150,0,有正常成交迹象,
389140,포바이포,KOSDAQ,2026-10-08,28948,20,28948,0,有正常成交迹象,
396270,넥스트칩,KOSDAQ,2026-10-08,157826,20,157826,0,有正常成交迹象,
049080,기가레인,KOSDAQ,2026-10-08,151735,20,151735,0,有正常成交迹象,
208140,정다운,KOSDAQ,2026-10-08,110113,20,110113,0,有正常成交迹象,
073640,테라사이언스,KOSDAQ,2026-10-08,0,0,0,0,疑似停牌/长期无成交,需进一步核验交易状态
253840,수젠텍,KOSDAQ,2026-10-08,427187,20,427187,0,有正常成交迹象,
168330,내츄럴엔도텍,KOSDAQ,2026-10-08,12608,20,12608,0,有正常成交迹象,
170030,현대공업,KOSDAQ,2026-10-08,13797,20,13797,0,有正常成交迹象,
413390,엠오티,KOSDAQ,2026-10-08,16386,20,16386,0,有正常成交迹象,
041930,SY동아,KOSDAQ,2026-10-08,10803,20,10803,0,有正常成交迹象,
149980,하이로닉,KOSDAQ,2026-10-08,22497,20,22497,0,有正常成交迹象,
124560,태웅로직스,KOSDAQ,2026-10-08,20350,20,20350,0,有正常成交迹象,
451250,삐아,KOSDAQ,2026-10-08,3511,20,3511,0,有正常成交迹象,
089790,제이티,KOSDAQ,2026-10-08,388338,20,388338,0,有正常成交迹象,
102370,케이옥션,KOSDAQ,2026-10-08,21434,20,21434,0,有正常成交迹象,
011370,서한,KOSDAQ,2026-10-08,15255,20,15255,0,有正常成交迹象,
0007J0,인벤테라,KOSDAQ,2026-10-08,68296,20,68296,0,有正常成交迹象,
012700,리드코프,KOSDAQ,2026-10-08,4998,20,4998,0,有正常成交迹象,
030960,양지사,KOSDAQ,2026-10-08,71401,20,71401,0,有正常成交迹象,
451220,아이엠티,KOSDAQ,2026-10-08,67483,20,67483,0,有正常成交迹象,
347890,엠엑스온,KOSDAQ,2026-10-08,8870,20,8870,0,有正常成交迹象,
299660,셀리드,KOSDAQ,2026-10-08,676668,20,676668,0,有正常成交迹象,
058630,엠게임,KOSDAQ,2026-10-08,12978,20,12978,0,有正常成交迹象,
263800,데이타솔루션,KOSDAQ,2026-10-08,89617,20,89617,0,有正常成交迹象,
155650,와이엠씨,KOSDAQ,2026-10-08,120400,20,120400,0,有正常成交迹象,
371950,풍원정밀,KOSDAQ,2026-10-08,518011,20,518011,0,有正常成交迹象,
060590,씨티씨바이오,KOSDAQ,2026-10-08,61559,20,61559,0,有正常成交迹象,
054620,APS,KOSDAQ,2026-10-08,15082,20,15082,0,有正常成交迹象,
417790,트루엔,KOSDAQ,2026-10-08,8347,20,8347,0,有正常成交迹象,
010280,아이티센엔텍,KOSDAQ,2026-10-08,62889,20,62889,0,有正常成交迹象,
060570,드림어스컴퍼니,KOSDAQ,2026-10-08,3561,20,3561,0,有正常成交迹象,
137080,나래나노텍,KOSDAQ,2026-10-08,142306,20,142306,0,有正常成交迹象,
038460,바이오스마트,KOSDAQ,2026-10-08,95008,20,95008,0,有正常成交迹象,
171120,라이온켐텍,KOSDAQ,2026-10-08,19937,20,19937,0,有正常成交迹象,
019550,SBI인베스트먼트,KOSDAQ,2026-10-08,189940,20,189940,0,有正常成交迹象,
080010,이상네트웍스,KOSDAQ,2026-10-08,886,20,886,0,有正常成交迹象,
020710,시공테크,KOSDAQ,2026-10-08,35166,20,35166,0,有正常成交迹象,
090470,제이스로보틱스,KOSDAQ,2026-10-08,27980,20,27980,0,有正常成交迹象,
900110,딥커머스,KOSDAQ,2026-10-08,49359,12,49359,0,有正常成交迹象,
212710,아이에스티이,KOSDAQ,2026-10-08,56141,20,56141,0,有正常成交迹象,
017480,삼현철강,KOSDAQ,2026-10-08,6946,20,6946,0,有正常成交迹象,
040160,누리플렉스,KOSDAQ,2026-10-08,4670,20,4670,0,有正常成交迹象,
045660,에이텍,KOSDAQ,2026-10-08,6808,20,6808,0,有正常成交迹象,
234920,자이글,KOSDAQ,2026-10-08,0,0,0,0,疑似停牌/长期无成交,需进一步核验交易状态
039980,폴라리스AI,KOSDAQ,2026-10-08,51504,20,51504,0,有正常成交迹象,
083790,CG인바이츠,KOSDAQ,2026-10-08,118051,20,118051,0,有正常成交迹象,
179530,애드바이오텍,KOSDAQ,2026-10-08,310076,20,310076,0,有正常成交迹象,
377480,마음AI,KOSDAQ,2026-10-08,24919,20,24919,0,有正常成交迹象,
128660,피제이메탈,KOSDAQ,2026-10-08,44455,20,44455,0,有正常成交迹象,
347860,알체라,KOSDAQ,2026-10-08,211324,20,211324,0,有正常成交迹象,
053280,예스24,KOSDAQ,2026-10-08,13496,20,13496,0,有正常成交迹象,
205470,휴마시스,KOSDAQ,2026-10-08,506955,20,506955,0,有正常成交迹象,
417970,모델솔루션,KOSDAQ,2026-10-08,7098,20,7098,0,有正常成交迹象,
104460,디와이피엔에프,KOSDAQ,2026-10-08,5862,20,5862,0,有正常成交迹象,
347000,센코,KOSDAQ,2026-10-08,82021,20,82021,0,有正常成交迹象,
024740,한일단조,KOSDAQ,2026-10-08,69412,20,69412,0,有正常成交迹象,
294140,레몬,KOSDAQ,2026-10-08,11601,20,11601,0,有正常成交迹象,
110790,크리스에프앤씨,KOSDAQ,2026-10-08,3030,20,3030,0,有正常成交迹象,
332370,아이디피,KOSDAQ,2026-10-08,2896,20,2896,0,有正常成交迹象,
228670,레이,KOSDAQ,2026-10-08,79387,20,79387,0,有正常成交迹象,
067170,오텍,KOSDAQ,2026-10-08,371351,20,371351,0,有正常成交迹象,
067570,엔브이에이치코리아,KOSDAQ,2026-10-08,11119,20,11119,0,有正常成交迹象,
092040,아미코젠,KOSDAQ,2026-10-08,136360,20,136360,0,有正常成交迹象,
054040,한국컴퓨터,KOSDAQ,2026-10-08,35285,20,35285,0,有正常成交迹象,
320000,한울반도체,KOSDAQ,2026-10-08,69666,20,69666,0,有正常成交迹象,
065530,와이어블,KOSDAQ,2026-10-08,286510,20,286510,0,有正常成交迹象,
039010,현대에이치티,KOSDAQ,2026-10-08,42840,20,42840,0,有正常成交迹象,
019540,일지테크,KOSDAQ,2026-10-08,21503,20,21503,0,有正常成交迹象,
049550,잉크테크,KOSDAQ,2026-10-08,11433,20,11433,0,有正常成交迹象,
109860,동일금속,KOSDAQ,2026-10-08,743,20,743,0,有正常成交迹象,
096350,대창솔루션,KOSDAQ,2026-10-08,90612,20,90612,0,有正常成交迹象,
487580,폴레드,KOSDAQ,2026-10-08,210116,20,210116,0,有正常成交迹象,
002800,신신제약,KOSDAQ,2026-10-08,52569,20,52569,0,有正常成交迹象,
024830,세원물산,KOSDAQ,2026-10-08,1693,20,1693,0,有正常成交迹象,
337930,젝시믹스,KOSDAQ,2026-10-08,45666,20,45666,0,有正常成交迹象,
217330,싸이토젠,KOSDAQ,2026-10-08,107396,20,107396,0,有正常成交迹象,
076610,해성옵틱스,KOSDAQ,2026-10-08,585235,20,585235,0,有正常成交迹象,
026150,특수건설,KOSDAQ,2026-10-08,31418,20,31418,0,有正常成交迹象,
039610,화성밸브,KOSDAQ,2026-10-08,111212,20,111212,0,有正常成交迹象,
067920,이글루,KOSDAQ,2026-10-08,121692,20,121692,0,有正常成交迹象,
460940,피앤에스로보틱스,KOSDAQ,2026-10-08,28394,20,28394,0,有正常成交迹象,
208370,셀바스헬스케어,KOSDAQ,2026-10-08,140931,20,140931,0,有正常成交迹象,
0004V0,엔비알모션,KOSDAQ,2026-10-08,79929,20,79929,0,有正常成交迹象,
067370,선바이오,KOSDAQ,2026-10-08,2213,20,2213,0,有正常成交迹象,
048430,유라테크,KOSDAQ,2026-10-08,10955,20,10955,0,有正常成交迹象,
214260,라파스,KOSDAQ,2026-10-08,8795,20,8795,0,有正常成交迹象,
241790,티이엠씨씨엔에스,KOSDAQ,2026-10-08,79675,20,79675,0,有正常成交迹象,
065170,비엘팜텍,KOSDAQ,2026-10-08,487752,20,487752,0,有正常成交迹象,
265560,영화테크,KOSDAQ,2026-10-08,12328,20,12328,0,有正常成交迹象,
123420,위메이드플레이,KOSDAQ,2026-10-08,9617,20,9617,0,有正常成交迹象,
095270,웨이브일렉트로,KOSDAQ,2026-10-08,32213,20,32213,0,有正常成交迹象,
060310,3S,KOSDAQ,2026-10-08,183162,20,183162,0,有正常成交迹象,
004780,대륙제관,KOSDAQ,2026-10-08,13994,20,13994,0,有正常成交迹象,
111710,남화산업,KOSDAQ,2026-10-08,27150,20,27150,0,有正常成交迹象,
122350,삼기,KOSDAQ,2026-10-08,20688161,20,20688161,0,有正常成交迹象,
153710,옵티팜,KOSDAQ,2026-10-08,12973,20,12973,0,有正常成交迹象,
273640,와이엠텍,KOSDAQ,2026-10-08,37381,20,37381,0,有正常成交迹象,
291230,컴투스엔,KOSDAQ,2026-10-08,25334,20,25334,0,有正常成交迹象,
331740,아우토크립트,KOSDAQ,2026-10-08,24315,20,24315,0,有正常成交迹象,
096250,와이즈넛,KOSDAQ,2026-10-08,13152,20,13152,0,有正常成交迹象,
360350,코셈,KOSDAQ,2026-10-08,13531,20,13531,0,有正常成交迹象,
204840,지엘팜텍,KOSDAQ,2026-10-08,25208,20,25208,0,有正常成交迹象,
262260,에이프로,KOSDAQ,2026-10-08,16059,20,16059,0,有正常成交迹象,
091590,남화토건,KOSDAQ,2026-10-08,94044,20,94044,0,有正常成交迹象,
0218L0,네오뷰,KOSDAQ,2026-10-08,7202,20,7202,0,有正常成交迹象,
061040,알에프텍,KOSDAQ,2026-10-08,3920,20,3920,0,有正常成交迹象,
014970,삼륭물산,KOSDAQ,2026-10-08,12678,20,12678,0,有正常成交迹象,
321820,아티스트컴퍼니,KOSDAQ,2026-10-08,190257,20,190257,0,有正常成交迹象,
282620,기도산업,KOSDAQ,2026-10-08,47885,20,47885,0,有正常成交迹象,
456070,이엔셀,KOSDAQ,2026-10-08,59026,20,59026,0,有正常成交迹象,
950220,네오이뮨텍,KOSDAQ,2026-10-08,234134,20,234134,0,有正常成交迹象,
032850,비트컴퓨터,KOSDAQ,2026-10-08,64982,20,64982,0,有正常成交迹象,
040350,크레오에스지,KOSDAQ,2026-10-08,38019,20,38019,0,有正常成交迹象,
036000,예림당,KOSDAQ,2026-10-08,33555,20,33555,0,有正常成交迹象,
382480,지아이텍,KOSDAQ,2026-10-08,49128,20,49128,0,有正常成交迹象,
424960,스마트레이더시스템,KOSDAQ,2026-10-08,7953,20,7953,0,有正常成交迹象,
082210,옵트론텍,KOSDAQ,2026-10-08,38671,20,38671,0,有正常成交迹象,
033130,디지틀조선,KOSDAQ,2026-10-08,43954,20,43954,0,有正常成交迹象,
251630,브이원텍,KOSDAQ,2026-10-08,22290,20,22290,0,有正常成交迹象,
192250,케이사인,KOSDAQ,2026-10-08,126562,20,126562,0,有正常成交迹象,
228340,동양파일,KOSDAQ,2026-10-08,131863,20,131863,0,有正常成交迹象,
0156T0,에이치엘지노믹스,KOSDAQ,2026-10-08,31387,20,31387,0,有正常成交迹象,
222110,팬젠,KOSDAQ,2026-10-08,592,20,592,0,有正常成交迹象,
126880,제이엔케이글로벌,KOSDAQ,2026-10-08,71533,20,71533,0,有正常成交迹象,
214680,디알텍,KOSDAQ,2026-10-08,24454,18,24454,0,有正常成交迹象,
241690,유니테크노,KOSDAQ,2026-10-08,10158,20,10158,0,有正常成交迹象,
460870,에스엠씨지,KOSDAQ,2026-10-08,68910,20,68910,0,有正常成交迹象,
001840,이화공영,KOSDAQ,2026-10-08,0,0,0,0,疑似停牌/长期无成交,需进一步核验交易状态
127710,아시아경제,KOSDAQ,2026-10-08,129423,20,129423,0,有正常成交迹象,
043650,국순당,KOSDAQ,2026-10-08,11403,20,11403,0,有正常成交迹象,
048770,TPC로보틱스,KOSDAQ,2026-10-08,115343,20,115343,0,有正常成交迹象,
318160,셀바이오휴먼텍,KOSDAQ,2026-10-08,13870,20,13870,0,有正常成交迹象,
008370,원풍,KOSDAQ,2026-10-08,9159,20,9159,0,有正常成交迹象,
294090,이오플로우,KOSDAQ,2026-10-08,0,0,0,0,疑似停牌/长期无成交,需进一步核验交易状态
081150,티플랙스,KOSDAQ,2026-10-08,221575,20,221575,0,有正常成交迹象,
214270,FSN,KOSDAQ,2026-10-08,25578,20,25578,0,有正常成交迹象,
049480,오픈베이스,KOSDAQ,2026-10-08,201180,20,201180,0,有正常成交迹象,
066670,디티씨,KOSDAQ,2026-10-08,17526,20,17526,0,有正常成交迹象,
089850,유비벨록스,KOSDAQ,2026-10-08,6678,20,6678,0,有正常成交迹象,
216050,인크로스,KOSDAQ,2026-10-08,15419,20,15419,0,有正常成交迹象,
005670,푸드웰,KOSDAQ,2026-10-08,7510,20,7510,0,有正常成交迹象,
100030,인지소프트,KOSDAQ,2026-10-08,9997,20,9997,0,有正常成交迹象,
225190,LK삼양,KOSDAQ,2026-10-08,179103,8,179103,0,有正常成交迹象,
043610,KT지니뮤직,KOSDAQ,2026-10-08,0,16,0,0,有正常成交迹象,
041460,한국전자인증,KOSDAQ,2026-10-08,28958,20,28958,0,有正常成交迹象,
355690,에이텀,KOSDAQ,2026-10-08,262298,20,262298,0,有正常成交迹象,
299170,더블유에스아이,KOSDAQ,2026-10-08,706252,20,706252,0,有正常成交迹象,
203400,에이비온,KOSDAQ,2026-10-08,0,0,0,0,疑似停牌/长期无成交,需进一步核验交易状态
315640,딥노이드,KOSDAQ,2026-10-08,133628,20,133628,0,有正常成交迹象,
056360,코위버,KOSDAQ,2026-10-08,88706,20,88706,0,有正常成交迹象,
010470,오리콤,KOSDAQ,2026-10-08,4709,20,4709,0,有正常成交迹象,
0155E0,해치텍,KOSDAQ,2026-10-08,136912,20,136912,0,有正常成交迹象,
010240,흥국,KOSDAQ,2026-10-08,3766,20,3766,0,有正常成交迹象,
261520,이지스,KOSDAQ,2026-10-08,53634,20,53634,0,有正常成交迹象,
049470,비트플래닛,KOSDAQ,2026-10-08,25430,20,25430,0,有正常成交迹象,
263690,디알젬,KOSDAQ,2026-10-08,5822,20,5822,0,有正常成交迹象,
215360,우리산업,KOSDAQ,2026-10-08,11123,20,11123,0,有正常成交迹象,
424980,마이크로투나노,KOSDAQ,2026-10-08,32880,20,32880,0,有正常成交迹象,
003310,대주산업,KOSDAQ,2026-10-08,88592,20,88592,0,有正常成交迹象,
050960,수산아이앤티,KOSDAQ,2026-10-08,1206,20,1206,0,有正常成交迹象,
448710,코츠테크놀로지,KOSDAQ,2026-10-08,16801,20,16801,0,有正常成交迹象,
039420,케이엘넷,KOSDAQ,2026-10-08,13348,20,13348,0,有正常成交迹象,
016250,SGC E&C,KOSDAQ,2026-10-08,2044,20,2044,0,有正常成交迹象,
352910,오비고,KOSDAQ,2026-10-08,11773,20,11773,0,有正常成交迹象,
064240,홈캐스트,KOSDAQ,2026-10-08,30197,20,30197,0,有正常成交迹象,
175140,아고스,KOSDAQ,2026-10-08,8529,20,8529,0,有正常成交迹象,
221800,지구홀딩스,KOSDAQ,2026-10-08,28852,20,28852,0,有正常成交迹象,
033320,제이씨현시스템,KOSDAQ,2026-10-08,13478,20,13478,0,有正常成交迹象,
036090,위지트,KOSDAQ,2026-10-08,132143,20,132143,0,有正常成交迹象,
483350,딜리셔스,KOSDAQ,2026-10-08,281695,20,281695,0,有正常成交迹象,
039020,이건홀딩스,KOSDAQ,2026-10-08,81620,20,81620,0,有正常成交迹象,
487400,케이앤에스아이앤씨,KOSDAQ,2026-10-08,141630,20,141630,0,有正常成交迹象,
025550,한국선재,KOSDAQ,2026-10-08,42357,20,42357,0,有正常成交迹象,
033170,시그네틱스,KOSDAQ,2026-10-08,281348,20,281348,0,有正常成交迹象,
900300,오가닉티코스메틱,KOSDAQ,2026-10-08,83288,20,83288,0,有正常成交迹象,
053620,태양,KOSDAQ,2026-10-08,44190,20,44190,0,有正常成交迹象,
463020,뉴엔AI,KOSDAQ,2026-10-08,43321,20,43321,0,有正常成交迹象,
099520,DGI,KOSDAQ,2026-10-08,0,0,0,0,疑似停牌/长期无成交,需进一步核验交易状态
053050,지에스이,KOSDAQ,2026-10-08,142701,20,142701,0,有正常成交迹象,
045340,토탈소프트,KOSDAQ,2026-10-08,23759,20,23759,0,有正常成交迹象,
443250,레뷰코퍼레이션,KOSDAQ,2026-10-08,7403,20,7403,0,有正常成交迹象,
191420,테고사이언스,KOSDAQ,2026-10-08,1245,20,1245,0,有正常成交迹象,
059270,해성에어로보틱스,KOSDAQ,2026-10-08,30767,20,30767,0,有正常成交迹象,
094850,참좋은여행,KOSDAQ,2026-10-08,11948,20,11948,0,有正常成交迹象,
054300,팬스타엔터프라이즈,KOSDAQ,2026-10-08,261504,20,261504,0,有正常成交迹象,
950200,소마젠,KOSDAQ,2026-10-08,54442,20,54442,0,有正常成交迹象,
333620,엔시스,KOSDAQ,2026-10-08,24697,20,24697,0,有正常成交迹象,
317530,에피소드컴퍼니,KOSDAQ,2026-10-08,62406,20,62406,0,有正常成交迹象,
014470,부방,KOSDAQ,2026-10-08,36204,20,36204,0,有正常成交迹象,
088280,쏘닉스,KOSDAQ,2026-10-08,82995,20,82995,0,有正常成交迹象,
033310,엠투엔,KOSDAQ,2026-10-08,47451,20,47451,0,有正常成交迹象,
007370,진양제약,KOSDAQ,2026-10-08,8081,20,8081,0,有正常成交迹象,
037440,희림,KOSDAQ,2026-10-08,52840,20,52840,0,有正常成交迹象,
033230,인성정보,KOSDAQ,2026-10-08,197937,20,197937,0,有正常成交迹象,
348150,고바이오랩,KOSDAQ,2026-10-08,15662,20,15662,0,有正常成交迹象,
092300,현우산업,KOSDAQ,2026-10-08,54794,20,54794,0,有正常成交迹象,
420570,제이투케이바이오,KOSDAQ,2026-10-08,31080,20,31080,0,有正常成交迹象,
340930,성원에너텍,KOSDAQ,2026-10-08,0,0,0,0,疑似停牌/长期无成交,需进一步核验交易状态
464490,쿼드메디슨,KOSDAQ,2026-10-08,24397,20,24397,0,有正常成交迹象,
170790,파이오링크,KOSDAQ,2026-10-08,23052,20,23052,0,有正常成交迹象,
217480,에스디생명공학,KOSDAQ,2026-10-08,0,0,0,0,疑似停牌/长期无成交,需进一步核验交易状态
061250,화일약품,KOSDAQ,2026-10-08,3980,20,3980,0,有正常成交迹象,
459100,위츠,KOSDAQ,2026-10-08,4605,20,4605,0,有正常成交迹象,
040610,SG&G,KOSDAQ,2026-10-08,9561,20,9561,0,有正常成交迹象,
145170,노브랜드,KOSDAQ,2026-10-08,132025,20,132025,0,有正常成交迹象,
419080,엔젯,KOSDAQ,2026-10-08,29387,20,29387,0,有正常成交迹象,
0013V0,삼진식품,KOSDAQ,2026-10-08,127875,20,127875,0,有正常成交迹象,
238090,앤디포스,KOSDAQ,2026-10-08,14845,20,14845,0,有正常成交迹象,
064800,포니링크,KOSDAQ,2026-10-08,21067,20,21067,0,有正常成交迹象,
024910,경창산업,KOSDAQ,2026-10-08,44388,20,44388,0,有正常成交迹象,
036670,삼양케이씨아이,KOSDAQ,2026-10-08,14266,20,14266,0,有正常成交迹象,
435570,에르코스,KOSDAQ,2026-10-08,1410,20,1410,0,有正常成交迹象,
105760,포스뱅크,KOSDAQ,2026-10-08,47781,20,47781,0,有正常成交迹象,
340810,시선AI,KOSDAQ,2026-10-08,172927,20,172927,0,有正常成交迹象,
226340,본느,KOSDAQ,2026-10-08,3098410,20,3098410,0,有正常成交迹象,
081180,쎄크,KOSDAQ,2026-10-08,161941,20,161941,0,有正常成交迹象,
457600,벡트,KOSDAQ,2026-10-08,85914,20,85914,0,有正常成交迹象,
109080,옵티시스,KOSDAQ,2026-10-08,17998,20,17998,0,有正常成交迹象,
288180,케이피항공산업,KOSDAQ,2026-10-08,16819,20,16819,0,有正常成交迹象,
071670,에이테크솔루션,KOSDAQ,2026-10-08,16422,20,16422,0,有正常成交迹象,
393210,토마토시스템,KOSDAQ,2026-10-08,327934,20,327934,0,有正常成交迹象,
290660,다이나믹솔루션,KOSDAQ,2026-10-08,492583,20,492583,0,有正常成交迹象,
900120,씨엑스아이,KOSDAQ,2026-10-08,2518,3,2518,0,有正常成交迹象,
370090,퓨런티어,KOSDAQ,2026-10-08,16340,20,16340,0,有正常成交迹象,
053270,구영테크,KOSDAQ,2026-10-08,43757,20,43757,0,有正常成交迹象,
179900,유티아이,KOSDAQ,2026-10-08,286313,20,286313,0,有正常成交迹象,
039240,경남스틸,KOSDAQ,2026-10-08,13879,20,13879,0,有正常成交迹象,
036120,서울평가정보,KOSDAQ,2026-10-08,188075,20,188075,0,有正常成交迹象,
043710,코스리거글로벌,KOSDAQ,2026-10-08,7779,20,7779,0,有正常成交迹象,
054930,유신,KOSDAQ,2026-10-08,2984,20,2984,0,有正常成交迹象,
317830,에스피시스템스,KOSDAQ,2026-10-08,19232,20,19232,0,有正常成交迹象,
027050,코리아나,KOSDAQ,2026-10-08,20934,20,20934,0,有正常成交迹象,
053160,프리엠스,KOSDAQ,2026-10-08,9157,20,9157,0,有正常成交迹象,
104620,노랑풍선,KOSDAQ,2026-10-08,40755,20,40755,0,有正常成交迹象,
019990,에너토크,KOSDAQ,2026-10-08,87852,20,87852,0,有正常成交迹象,
163280,에어레인,KOSDAQ,2026-10-08,56383,20,56383,0,有正常成交迹象,
391710,코닉오토메이션,KOSDAQ,2026-10-08,54227,20,54227,0,有正常成交迹象,
024950,삼천리자전거,KOSDAQ,2026-10-08,3800,20,3800,0,有正常成交迹象,
046940,우원개발,KOSDAQ,2026-10-08,1687900,20,1687900,0,有正常成交迹象,
314140,알피바이오,KOSDAQ,2026-10-08,13330,20,13330,0,有正常成交迹象,
015710,코콤,KOSDAQ,2026-10-08,5289,20,5289,0,有正常成交迹象,
094940,푸른로보틱스,KOSDAQ,2026-10-08,26565,20,26565,0,有正常成交迹象,
042110,에스씨디,KOSDAQ,2026-10-08,229117,20,229117,0,有正常成交迹象,
088910,동우팜투테이블,KOSDAQ,2026-10-08,84308,20,84308,0,有正常成交迹象,
393970,대진첨단소재,KOSDAQ,2026-10-08,0,0,0,0,疑似停牌/长期无成交,需进一步核验交易状态
347740,피엔케이피부임상연구센타,KOSDAQ,2026-10-08,22479,20,22479,0,有正常成交迹象,
256630,포인트엔지니어링,KOSDAQ,2026-10-08,3440,20,3440,0,有正常成交迹象,
311690,CJ 바이오사이언스,KOSDAQ,2026-10-08,9177,20,9177,0,有正常成交迹象,
246690,TS인베스트먼트,KOSDAQ,2026-10-08,28209,20,28209,0,有正常成交迹象,
052790,액토즈소프트,KOSDAQ,2026-10-08,48241,20,48241,0,有正常成交迹象,
317850,대모,KOSDAQ,2026-10-08,45852,20,45852,0,有正常成交迹象,
373200,엑스플러스,KOSDAQ,2026-10-08,649886,20,649886,0,有正常成交迹象,
143540,영우디에스피,KOSDAQ,2026-10-08,1456642,20,1456642,0,有正常成交迹象,
196300,HLB펩,KOSDAQ,2026-10-08,303999,20,303999,0,有正常成交迹象,
063440,SM Life Design,KOSDAQ,2026-10-08,61533,20,61533,0,有正常成交迹象,
463480,모티브링크,KOSDAQ,2026-10-08,13214,20,13214,0,有正常成交迹象,
452400,이닉스,KOSDAQ,2026-10-08,13398,20,13398,0,有正常成交迹象,
038010,제일테크노스,KOSDAQ,2026-10-08,3169,20,3169,0,有正常成交迹象,
376290,씨유테크,KOSDAQ,2026-10-08,2366,20,2366,0,有正常成交迹象,
065130,탑엔지니어링,KOSDAQ,2026-10-08,53404,20,53404,0,有正常成交迹象,
060560,HC홈센타,KOSDAQ,2026-10-08,8215,20,8215,0,有正常成交迹象,
219550,디와이디,KOSDAQ,2026-10-08,34243,20,34243,0,有正常成交迹象,
150900,파수AI,KOSDAQ,2026-10-08,160425,20,160425,0,有正常成交迹象,
044340,위닉스,KOSDAQ,2026-10-08,36186,20,36186,0,有正常成交迹象,
217500,러셀,KOSDAQ,2026-10-08,139742,20,139742,0,有正常成交迹象,
122310,제노레이,KOSDAQ,2026-10-08,3864,20,3864,0,有正常成交迹象,
321260,프로이천,KOSDAQ,2026-10-08,55398,20,55398,0,有正常成交迹象,
131400,이브이첨단소재,KOSDAQ,2026-10-08,64178,3,64178,0,有正常成交迹象,
042040,케이피엠테크,KOSDAQ,2026-10-08,19596,20,19596,0,有正常成交迹象,
459550,알트,KOSDAQ,2026-10-08,481914,20,481914,0,有正常成交迹象,
199550,레이저옵텍,KOSDAQ,2026-10-08,37401,20,37401,0,有正常成交迹象,
114450,그린생명과학,KOSDAQ,2026-10-08,502090,20,502090,0,有正常成交迹象,
348080,큐라티스,KOSDAQ,2026-10-08,37498,20,37498,0,有正常成交迹象,
408470,한패스,KOSDAQ,2026-10-08,32422,20,32422,0,有正常成交迹象,
479960,위너스일렉,KOSDAQ,2026-10-08,14787,20,14787,0,有正常成交迹象,
053450,세코닉스,KOSDAQ,2026-10-08,24492,20,24492,0,有正常成交迹象,
189860,서전기전,KOSDAQ,2026-10-08,83577,20,83577,0,有正常成交迹象,
382150,온코크로스,KOSDAQ,2026-10-08,16269,20,16269,0,有正常成交迹象,
418250,시큐레터,KOSDAQ,2026-10-08,0,0,0,0,疑似停牌/长期无成交,需进一步核验交易状态
059100,아이컴포넌트,KOSDAQ,2026-10-08,22427,20,22427,0,有正常成交迹象,
277070,린드먼아시아,KOSDAQ,2026-10-08,1167,20,1167,0,有正常成交迹象,
900340,윙입푸드,KOSDAQ,2026-10-08,55516,20,55516,0,有正常成交迹象,
023440,제이스코홀딩스,KOSDAQ,2026-10-08,0,0,0,0,疑似停牌/长期无成交,需进一步核验交易状态
365660,레몬헬스케어,KOSDAQ,2026-10-08,287305,20,287305,0,有正常成交迹象,
232830,아이티센피엔에스,KOSDAQ,2026-10-08,162396,20,162396,0,有正常成交迹象,
317870,엔바이오니아,KOSDAQ,2026-10-08,7774,20,7774,0,有正常成交迹象,
440290,HB인베스트먼트,KOSDAQ,2026-10-08,29974,20,29974,0,有正常成交迹象,
361570,알비더블유,KOSDAQ,2026-10-08,15199,20,15199,0,有正常成交迹象,
317690,퀀타매트릭스,KOSDAQ,2026-10-08,33856,20,33856,0,有正常成交迹象,
384470,코어라인소프트,KOSDAQ,2026-10-08,31470,20,31470,0,有正常成交迹象,
189980,흥국에프엔비,KOSDAQ,2026-10-08,35218,20,35218,0,有正常成交迹象,
094970,제이엠티,KOSDAQ,2026-10-08,72053,20,72053,0,有正常成交迹象,
471820,셀로맥스사이언스,KOSDAQ,2026-10-08,2519,20,2519,0,有正常成交迹象,
032960,동일기연,KOSDAQ,2026-10-08,60334,20,60334,0,有正常成交迹象,
340360,다보링크,KOSDAQ,2026-10-08,303664,20,303664,0,有正常成交迹象,
260930,씨티케이,KOSDAQ,2026-10-08,15386,20,15386,0,有正常成交迹象,
073110,엘엠에스,KOSDAQ,2026-10-08,4817,20,4817,0,有正常成交迹象,
053980,오상자이엘,KOSDAQ,2026-10-08,14001,20,14001,0,有正常成交迹象,
200350,아티스트스튜디오,KOSDAQ,2026-10-08,516284,20,516284,0,有正常成交迹象,
229000,젠큐릭스,KOSDAQ,2026-10-08,0,5,0,0,有正常成交迹象,
460470,아이빔테크놀로지,KOSDAQ,2026-10-08,26457,20,26457,0,有正常成交迹象,
453860,에이에스텍,KOSDAQ,2026-10-08,7861,20,7861,0,有正常成交迹象,
0010V0,제이피아이헬스케어,KOSDAQ,2026-10-08,3158,20,3158,0,有正常成交迹象,
222420,쎄노텍,KOSDAQ,2026-10-08,150286,20,150286,0,有正常成交迹象,
051390,YW,KOSDAQ,2026-10-08,623,20,623,0,有正常成交迹象,
198080,캐프,KOSDAQ,2026-10-08,14294,20,14294,0,有正常成交迹象,
476040,오가노이드사이언스,KOSDAQ,2026-10-08,20525,20,20525,0,有正常成交迹象,
050120,ES큐브,KOSDAQ,2026-10-08,1119,20,1119,0,有正常成交迹象,
072990,에이치시티,KOSDAQ,2026-10-08,29559,20,29559,0,有正常成交迹象,
082850,우리바이오,KOSDAQ,2026-10-08,41024,20,41024,0,有正常成交迹象,
373160,데이원컴퍼니,KOSDAQ,2026-10-08,512,20,512,0,有正常成交迹象,
159580,제로투세븐,KOSDAQ,2026-10-08,36006,20,36006,0,有正常成交迹象,
068330,일신바이오,KOSDAQ,2026-10-08,34522,20,34522,0,有正常成交迹象,
227950,엔투텍,KOSDAQ,2026-10-08,109143,20,109143,0,有正常成交迹象,
072470,우리산업홀딩스,KOSDAQ,2026-10-08,4048,20,4048,0,有正常成交迹象,
033340,좋은사람들,KOSDAQ,2026-10-08,0,3,0,0,有正常成交迹象,
037950,엘컴텍,KOSDAQ,2026-10-08,18057,20,18057,0,有正常成交迹象,
066130,하츠,KOSDAQ,2026-10-08,3234,20,3234,0,有正常成交迹象,
178780,일월지엠엘,KOSDAQ,2026-10-08,65143,20,65143,0,有正常成交迹象,
014190,원익큐브,KOSDAQ,2026-10-08,34421,20,34421,0,有正常成交迹象,
288330,파라택시스코리아,KOSDAQ,2026-10-08,0,0,0,0,疑似停牌/长期无成交,需进一步核验交易状态
083550,케이엠,KOSDAQ,2026-10-08,40943,20,40943,0,有正常成交迹象,
900250,크리스탈신소재,KOSDAQ,2026-10-08,36045,20,36045,0,有正常成交迹象,
466410,사이냅소프트,KOSDAQ,2026-10-08,14088,20,14088,0,有正常成交迹象,
189690,포시에스,KOSDAQ,2026-10-08,53667,20,53667,0,有正常成交迹象,
086060,진바이오텍,KOSDAQ,2026-10-08,22363,20,22363,0,有正常成交迹象,
129890,앱코,KOSDAQ,2026-10-08,55935,20,55935,0,有正常成交迹象,
258610,케일럼,KOSDAQ,2026-10-08,30282,20,30282,0,有正常成交迹象,
054780,키이스트,KOSDAQ,2026-10-08,191746,20,191746,0,有正常成交迹象,
290670,대보마그네틱,KOSDAQ,2026-10-08,8594,20,8594,0,有正常成交迹象,
263020,디케이앤디,KOSDAQ,2026-10-08,26974,20,26974,0,有正常成交迹象,
065440,이루온,KOSDAQ,2026-10-08,287033,20,287033,0,有正常成交迹象,
022220,티케이지애강,KOSDAQ,2026-10-08,5121,20,5121,0,有正常成交迹象,
199480,뱅크웨어글로벌,KOSDAQ,2026-10-08,17440,20,17440,0,有正常成交迹象,
307280,원바이오젠,KOSDAQ,2026-10-08,4036,20,4036,0,有正常成交迹象,
413640,비아이매트릭스,KOSDAQ,2026-10-08,3970,20,3970,0,有正常成交迹象,
140520,대창스틸,KOSDAQ,2026-10-08,25569,20,25569,0,有正常成交迹象,
256150,한독크린텍,KOSDAQ,2026-10-08,534,20,534,0,有正常成交迹象,
056700,신화인터텍,KOSDAQ,2026-10-08,24341,20,24341,0,有正常成交迹象,
084650,랩지노믹스,KOSDAQ,2026-10-08,60004,9,60004,0,有正常成交迹象,
190650,코리아에셋투자증권,KOSDAQ,2026-10-08,2860,20,2860,0,有正常成交迹象,
100660,서암기계공업,KOSDAQ,2026-10-08,16757,20,16757,0,有正常成交迹象,
263700,케어랩스,KOSDAQ,2026-10-08,37329,20,37329,0,有正常成交迹象,
452200,민테크,KOSDAQ,2026-10-08,49778,20,49778,0,有正常成交迹象,
002290,삼일기업공사,KOSDAQ,2026-10-08,4902,20,4902,0,有正常成交迹象,
261200,덴티스,KOSDAQ,2026-10-08,12714,20,12714,0,有正常成交迹象,
461030,아이엠비디엑스,KOSDAQ,2026-10-08,12275,20,12275,0,有正常成交迹象,
263810,상신전자,KOSDAQ,2026-10-08,21223,20,21223,0,有正常成交迹象,
066900,디에이피,KOSDAQ,2026-10-08,2985,20,2985,0,有正常成交迹象,
099410,동방선기,KOSDAQ,2026-10-08,40504,20,40504,0,有正常成交迹象,
136410,아셈스,KOSDAQ,2026-10-08,11782,20,11782,0,有正常成交迹象,
286750,나노실리칸첨단소재,KOSDAQ,2026-10-08,11605,20,11605,0,有正常成交迹象,
184230,SGA솔루션즈,KOSDAQ,2026-10-08,123436,20,123436,0,有正常成交迹象,
263770,유에스티,KOSDAQ,2026-10-08,2437,20,2437,0,有正常成交迹象,
007530,와이엠,KOSDAQ,2026-10-08,33867,20,33867,0,有正常成交迹象,
044960,이글벳,KOSDAQ,2026-10-08,50176,20,50176,0,有正常成交迹象,
045510,정원엔시스,KOSDAQ,2026-10-08,122057,20,122057,0,有正常成交迹象,
223310,사토시홀딩스,KOSDAQ,2026-10-08,23069,20,23069,0,有正常成交迹象,
104200,NHN벅스,KOSDAQ,2026-10-08,31653,20,31653,0,有正常成交迹象,
446840,지슨,KOSDAQ,2026-10-08,8666,20,8666,0,有正常成交迹象,
037230,한국팩키지,KOSDAQ,2026-10-08,24268,20,24268,0,有正常成交迹象,
049830,승일,KOSDAQ,2026-10-08,485,20,485,0,有正常成交迹象,
064090,인크레더블버즈,KOSDAQ,2026-10-08,0,0,0,0,疑似停牌/长期无成交,需进一步核验交易状态
469750,아이비젼웍스,KOSDAQ,2026-10-08,68215,5,68215,0,有正常成交迹象,
450330,하스,KOSDAQ,2026-10-08,11558,20,11558,0,有正常成交迹象,
171010,램테크놀러지,KOSDAQ,2026-10-08,59929,20,59929,0,有正常成交迹象,
053950,경남제약,KOSDAQ,2026-10-08,115719,20,115719,0,有正常成交迹象,
027830,대성창투,KOSDAQ,2026-10-08,93808,20,93808,0,有正常成交迹象,
007680,대원,KOSDAQ,2026-10-08,5907,20,5907,0,有正常成交迹象,
025880,케이씨피드,KOSDAQ,2026-10-08,20514,20,20514,0,有正常成交迹象,
224110,에이텍모빌리티,KOSDAQ,2026-10-08,1213,20,1213,0,有正常成交迹象,
273060,와이즈버즈,KOSDAQ,2026-10-08,2651,19,2651,0,有正常成交迹象,
203450,유니온바이오메트릭스,KOSDAQ,2026-10-08,35786,20,35786,0,有正常成交迹象,
121890,에스디시스템,KOSDAQ,2026-10-08,128533,20,128533,0,有正常成交迹象,
215380,콜마바이오텍,KOSDAQ,2026-10-08,185669,20,185669,0,有正常成交迹象,
465480,인스피언,KOSDAQ,2026-10-08,4121,20,4121,0,有正常成交迹象,
050860,아세아텍,KOSDAQ,2026-10-08,3200,20,3200,0,有正常成交迹象,
046310,백금T&A,KOSDAQ,2026-10-08,7575,20,7575,0,有正常成交迹象,
221840,하이즈항공,KOSDAQ,2026-10-08,7649,20,7649,0,有正常成交迹象,
352700,씨앤투스,KOSDAQ,2026-10-08,4650,20,4650,0,有正常成交迹象,
019770,서연탑메탈,KOSDAQ,2026-10-08,3452,20,3452,0,有正常成交迹象,
221980,케이디켐,KOSDAQ,2026-10-08,312,20,312,0,有正常成交迹象,
038070,서린바이오,KOSDAQ,2026-10-08,6423,20,6423,0,有正常成交迹象,
051490,나라엠앤디,KOSDAQ,2026-10-08,13935,20,13935,0,有正常成交迹象,
238120,얼라인드,KOSDAQ,2026-10-08,23966,20,23966,0,有正常成交迹象,
239890,피엔에이치테크,KOSDAQ,2026-10-08,7026,20,7026,0,有正常成交迹象,
101240,씨큐브,KOSDAQ,2026-10-08,4789,20,4789,0,有正常成交迹象,
218150,미래생명자원,KOSDAQ,2026-10-08,74449,20,74449,0,有正常成交迹象,
052220,iMBC,KOSDAQ,2026-10-08,20981,20,20981,0,有正常成交迹象,
290090,트윔,KOSDAQ,2026-10-08,7388,20,7388,0,有正常成交迹象,
348030,모비릭스,KOSDAQ,2026-10-08,163733,20,163733,0,有正常成交迹象,
177900,쓰리에이로직스,KOSDAQ,2026-10-08,24167,20,24167,0,有正常成交迹象,
035460,기산텔레콤,KOSDAQ,2026-10-08,196318,20,196318,0,有正常成交迹象,
250000,보라티알,KOSDAQ,2026-10-08,721,20,721,0,有正常成交迹象,
081580,성우전자,KOSDAQ,2026-10-08,34465,20,34465,0,有正常成交迹象,
258790,소프트캠프,KOSDAQ,2026-10-08,36722,20,36722,0,有正常成交迹象,
097870,효성오앤비,KOSDAQ,2026-10-08,4941,20,4941,0,有正常成交迹象,
122690,서진오토모티브,KOSDAQ,2026-10-08,12424,20,12424,0,有正常成交迹象,
049120,파인디앤씨,KOSDAQ,2026-10-08,3517,20,3517,0,有正常成交迹象,
046390,삼화네트웍스,KOSDAQ,2026-10-08,9724,20,9724,0,有正常成交迹象,
234100,폴라리스세원,KOSDAQ,2026-10-08,12682,20,12682,0,有正常成交迹象,
219420,링크제니시스,KOSDAQ,2026-10-08,17077,20,17077,0,有正常成交迹象,
042940,상지건설,KOSDAQ,2026-10-08,20550,20,20550,0,有正常成交迹象,
026040,제이에스티나,KOSDAQ,2026-10-08,39858,20,39858,0,有正常成交迹象,
0010F0,보원케미칼,KOSDAQ,2026-10-08,6555402,20,6555402,0,有正常成交迹象,
043910,자연과환경,KOSDAQ,2026-10-08,218099,20,218099,0,有正常成交迹象,
208710,포톤,KOSDAQ,2026-10-08,45962,20,45962,0,有正常成交迹象,
434480,모니터랩,KOSDAQ,2026-10-08,144087,20,144087,0,有正常成交迹象,
086040,바이오톡스텍,KOSDAQ,2026-10-08,2112,20,2112,0,有正常成交迹象,
037370,EG,KOSDAQ,2026-10-08,7532,20,7532,0,有正常成交迹象,
332290,누보,KOSDAQ,2026-10-08,16642,16,16642,0,有正常成交迹象,
284620,카이노스메드,KOSDAQ,2026-10-08,0,0,0,0,疑似停牌/长期无成交,需进一步核验交易状态
260660,알리코제약,KOSDAQ,2026-10-08,16135,20,16135,0,有正常成交迹象,
057540,옴니시스템,KOSDAQ,2026-10-08,0,11,0,0,有正常成交迹象,
045060,오공,KOSDAQ,2026-10-08,16122,20,16122,0,有正常成交迹象,
065500,오리엔트정공,KOSDAQ,2026-10-08,76200,20,76200,0,有正常成交迹象,
068940,셀피글로벌,KOSDAQ,2026-10-08,0,0,0,0,疑似停牌/长期无成交,需进一步核验交易状态
153460,네이블,KOSDAQ,2026-10-08,8124,20,8124,0,有正常成交迹象,
263050,유틸렉스,KOSDAQ,2026-10-08,0,0,0,0,疑似停牌/长期无成交,需进一步核验交易状态
207760,미스터블루,KOSDAQ,2026-10-08,6443,20,6443,0,有正常成交迹象,
024120,KB오토시스,KOSDAQ,2026-10-08,10849,20,10849,0,有正常成交迹象,
060850,영림원소프트랩,KOSDAQ,2026-10-08,35251,20,35251,0,有正常成交迹象,
387570,파인메딕스,KOSDAQ,2026-10-08,6613,20,6613,0,有正常成交迹象,
014570,고려제약,KOSDAQ,2026-10-08,10645,20,10645,0,有正常成交迹象,
109820,진매트릭스,KOSDAQ,2026-10-08,290988,20,290988,0,有正常成交迹象,
204020,그리티,KOSDAQ,2026-10-08,4047,20,4047,0,有正常成交迹象,
186230,그린플러스,KOSDAQ,2026-10-08,9303,20,9303,0,有正常成交迹象,
089140,넥스턴앤롤코리아,KOSDAQ,2026-10-08,53157,20,53157,0,有正常成交迹象,
079190,케스피온,KOSDAQ,2026-10-08,132972,20,132972,0,有正常成交迹象,
123570,이엠넷,KOSDAQ,2026-10-08,5103,20,5103,0,有正常成交迹象,
363250,진시스템,KOSDAQ,2026-10-08,2304,20,2304,0,有正常成交迹象,
452300,캡스톤파트너스,KOSDAQ,2026-10-08,74594,20,74594,0,有正常成交迹象,
290120,DH오토리드,KOSDAQ,2026-10-08,4189,20,4189,0,有正常成交迹象,
318410,비비씨,KOSDAQ,2026-10-08,7652,20,7652,0,有正常成交迹象,
060540,에스에이티,KOSDAQ,2026-10-08,13534,20,13534,0,有正常成交迹象,
127980,화인써키트,KOSDAQ,2026-10-08,12845,20,12845,0,有正常成交迹象,
431190,케이쓰리아이,KOSDAQ,2026-10-08,83181,20,83181,0,有正常成交迹象,
039290,인포뱅크,KOSDAQ,2026-10-08,9179,20,9179,0,有正常成交迹象,
065950,웰크론,KOSDAQ,2026-10-08,47920,20,47920,0,有正常成交迹象,
377030,비트맥스,KOSDAQ,2026-10-08,33442,20,33442,0,有正常成交迹象,
430690,한싹,KOSDAQ,2026-10-08,137586,20,137586,0,有正常成交迹象,
075130,플랜티넷,KOSDAQ,2026-10-08,29279,20,29279,0,有正常成交迹象,
106240,파인테크닉스,KOSDAQ,2026-10-08,72611,20,72611,0,有正常成交迹象,
057030,YBM넷,KOSDAQ,2026-10-08,13391,20,13391,0,有正常成交迹象,
045300,성우테크론,KOSDAQ,2026-10-08,158383,20,158383,0,有正常成交迹象,
417860,오브젠,KOSDAQ,2026-10-08,15088,20,15088,0,有正常成交迹象,
099220,SDN,KOSDAQ,2026-10-08,10661,12,10661,0,有正常成交迹象,
066360,체리부로,KOSDAQ,2026-10-08,10406,20,10406,0,有正常成交迹象,
064520,테크엘,KOSDAQ,2026-10-08,4649,20,4649,0,有正常成交迹象,
073570,리튬포어스,KOSDAQ,2026-10-08,131421,20,131421,0,有正常成交迹象,
476080,M83,KOSDAQ,2026-10-08,16767,20,16767,0,有正常成交迹象,
131090,시큐브,KOSDAQ,2026-10-08,15198,20,15198,0,有正常成交迹象,
270520,앱튼,KOSDAQ,2026-10-08,711368,20,711368,0,有正常成交迹象,
296640,이노에이엑스,KOSDAQ,2026-10-08,11650,20,11650,0,有正常成交迹象,
270870,뉴트리,KOSDAQ,2026-10-08,530,20,530,0,有正常成交迹象,
038060,루멘스바이오스,KOSDAQ,2026-10-08,0,5,0,0,有正常成交迹象,
215090,솔디펜스,KOSDAQ,2026-10-08,17418,20,17418,0,有正常成交迹象,
406820,뷰티스킨,KOSDAQ,2026-10-08,1227467,20,1227467,0,有正常成交迹象,
169330,엠브레인,KOSDAQ,2026-10-08,54461,20,54461,0,有正常成交迹象,
432430,와이랩,KOSDAQ,2026-10-08,30370,20,30370,0,有正常成交迹象,
032790,엠젠솔루션,KOSDAQ,2026-10-08,81033,18,81033,0,有正常成交迹象,
196450,코아시아씨엠,KOSDAQ,2026-10-08,12396,16,12396,0,有正常成交迹象,
310870,디와이씨,KOSDAQ,2026-10-08,83905,20,83905,0,有正常成交迹象,
006920,모헨즈,KOSDAQ,2026-10-08,24146,20,24146,0,有正常成交迹象,
335810,프리시젼바이오,KOSDAQ,2026-10-08,3860,20,3860,0,有正常成交迹象,
069920,엑시온그룹,KOSDAQ,2026-10-08,358358,20,358358,0,有正常成交迹象,
397810,애드포러스,KOSDAQ,2026-10-08,1130,20,1130,0,有正常成交迹象,
133750,메가엠디,KOSDAQ,2026-10-08,5618,20,5618,0,有正常成交迹象,
052600,한네트,KOSDAQ,2026-10-08,10556,20,10556,0,有正常成交迹象,
419120,산돌,KOSDAQ,2026-10-08,24733,20,24733,0,有正常成交迹象,
153490,우리이앤엘하루틴,KOSDAQ,2026-10-08,8063,20,8063,0,有正常成交迹象,
220180,폴라리스AI핸디,KOSDAQ,2026-10-08,9518,20,9518,0,有正常成交迹象,
408900,스튜디오미르,KOSDAQ,2026-10-08,21565,20,21565,0,有正常成交迹象,
200780,비씨월드제약,KOSDAQ,2026-10-08,1422,20,1422,0,有正常成交迹象,
038620,위즈코프,KOSDAQ,2026-10-08,2668,20,2668,0,有正常成交迹象,
148930,에이치와이티씨,KOSDAQ,2026-10-08,4694,20,4694,0,有正常成交迹象,
033830,티비씨,KOSDAQ,2026-10-08,13117,20,13117,0,有正常成交迹象,
091340,S&K폴리텍,KOSDAQ,2026-10-08,48556,20,48556,0,有正常成交迹象,
364950,에이아이코리아,KOSDAQ,2026-10-08,12050,20,12050,0,有正常成交迹象,
087600,픽셀플러스,KOSDAQ,2026-10-08,383,20,383,0,有正常成交迹象,
064480,브리지텍,KOSDAQ,2026-10-08,33764,20,33764,0,有正常成交迹象,
031510,오스템,KOSDAQ,2026-10-08,10189,20,10189,0,有正常成交迹象,
037330,인지디스플레,KOSDAQ,2026-10-08,0,19,0,0,有正常成交迹象,
462980,아이지넷,KOSDAQ,2026-10-08,22612,20,22612,0,有正常成交迹象,
159910,에코글로우,KOSDAQ,2026-10-08,14032,20,14032,0,有正常成交迹象,
900270,헝셩그룹,KOSDAQ,2026-10-08,33050,20,33050,0,有正常成交迹象,
021650,한국큐빅,KOSDAQ,2026-10-08,560,20,560,0,有正常成交迹象,
012620,원일특강,KOSDAQ,2026-10-08,2488,20,2488,0,有正常成交迹象,
080520,오디텍,KOSDAQ,2026-10-08,8939,20,8939,0,有正常成交迹象,
271830,팸텍,KOSDAQ,2026-10-08,86888,20,86888,0,有正常成交迹象,
383930,디티앤씨알오,KOSDAQ,2026-10-08,261133,20,261133,0,有正常成交迹象,
318020,포인트모바일,KOSDAQ,2026-10-08,4747,20,4747,0,有正常成交迹象,
356890,싸이버원,KOSDAQ,2026-10-08,23388,20,23388,0,有正常成交迹象,
073540,에프알텍,KOSDAQ,2026-10-08,27056,20,27056,0,有正常成交迹象,
016600,큐캐피탈,KOSDAQ,2026-10-08,9446,20,9446,0,有正常成交迹象,
258830,세종메디칼,KOSDAQ,2026-10-08,0,0,0,0,疑似停牌/长期无成交,需进一步核验交易状态
311390,네오크레마,KOSDAQ,2026-10-08,32195,20,32195,0,有正常成交迹象,
208860,다산디엠씨,KOSDAQ,2026-10-08,1962,8,1962,0,有正常成交迹象,
025440,DH오토웨어,KOSDAQ,2026-10-08,14000,20,14000,0,有正常成交迹象,
464280,티디에스팜,KOSDAQ,2026-10-08,6619,20,6619,0,有正常成交迹象,
462510,라메디텍,KOSDAQ,2026-10-08,35274,20,35274,0,有正常成交迹象,
263920,휴엠앤씨,KOSDAQ,2026-10-08,4854,20,4854,0,有正常成交迹象,
462310,뉴키즈온,KOSDAQ,2026-10-08,8137,20,8137,0,有正常成交迹象,
376980,원티드랩,KOSDAQ,2026-10-08,9795,20,9795,0,有正常成交迹象,
032860,더라미,KOSDAQ,2026-10-08,92282,20,92282,0,有正常成交迹象,
075970,동국알앤에스,KOSDAQ,2026-10-08,65188,20,65188,0,有正常成交迹象,
197140,디지캡,KOSDAQ,2026-10-08,13605,20,13605,0,有正常成交迹象,
101670,하이드로리튬,KOSDAQ,2026-10-08,1830278,20,1830278,0,有正常成交迹象,
148250,알엔투테크놀로지,KOSDAQ,2026-10-08,132392,20,132392,0,有正常成交迹象,
173940,에프엔씨엔터,KOSDAQ,2026-10-08,7748,20,7748,0,有正常成交迹象,
090410,덕신이피씨,KOSDAQ,2026-10-08,4241,20,4241,0,有正常成交迹象,
452160,제이엔비,KOSDAQ,2026-10-08,2860,20,2860,0,有正常成交迹象,
246250,에스엘에스바이오,KOSDAQ,2026-10-08,0,0,0,0,疑似停牌/长期无成交,需进一步核验交易状态
300120,라온피플,KOSDAQ,2026-10-08,21927,20,21927,0,有正常成交迹象,
367000,플래티어,KOSDAQ,2026-10-08,3429,20,3429,0,有正常成交迹象,
444530,심플랫폼,KOSDAQ,2026-10-08,2869,20,2869,0,有正常成交迹象,
097780,에코볼트,KOSDAQ,2026-10-08,9258,20,9258,0,有正常成交迹象,
038870,에코심플렉스,KOSDAQ,2026-10-08,12018,20,12018,0,有正常成交迹象,
464580,닷밀,KOSDAQ,2026-10-08,2607,20,2607,0,有正常成交迹象,
262840,아이퀘스트,KOSDAQ,2026-10-08,18605,20,18605,0,有正常成交迹象,
226330,신테카바이오,KOSDAQ,2026-10-08,59400,20,59400,0,有正常成交迹象,
070590,인티큐브,KOSDAQ,2026-10-08,7578,20,7578,0,有正常成交迹象,
369370,블리츠웨이엔터테인먼트,KOSDAQ,2026-10-08,8523,20,8523,0,有正常成交迹象,
336060,웨이버스,KOSDAQ,2026-10-08,2078,20,2078,0,有正常成交迹象,
407400,꿈비,KOSDAQ,2026-10-08,22999,20,22999,0,有正常成交迹象,
351870,차이커뮤니케이션,KOSDAQ,2026-10-08,22942,20,22942,0,有正常成交迹象,
033540,파라텍,KOSDAQ,2026-10-08,4725,20,4725,0,有正常成交迹象,
099390,브레인즈컴퍼니,KOSDAQ,2026-10-08,17151,20,17151,0,有正常成交迹象,
019570,GMI벤처,KOSDAQ,2026-10-08,11461,20,11461,0,有正常成交迹象,
020180,대신정보통신,KOSDAQ,2026-10-08,21213,20,21213,0,有正常成交迹象,
038950,파인디지털,KOSDAQ,2026-10-08,1321,20,1321,0,有正常成交迹象,
237820,플레이디,KOSDAQ,2026-10-08,18192,20,18192,0,有正常成交迹象,
900070,글로벌에스엠,KOSDAQ,2026-10-08,102534,20,102534,0,有正常成交迹象,
071850,캐스텍코리아,KOSDAQ,2026-10-08,11663,20,11663,0,有正常成交迹象,
317240,TS트릴리온,KOSDAQ,2026-10-08,124378,20,124378,0,有正常成交迹象,
043340,에쎈테크,KOSDAQ,2026-10-08,20089,20,20089,0,有正常成交迹象,
109960,앱토크롬,KOSDAQ,2026-10-08,1269,20,1269,0,有正常成交迹象,
188260,세니젠,KOSDAQ,2026-10-08,4284,20,4284,0,有正常成交迹象,
128540,에코캡,KOSDAQ,2026-10-08,18617,20,18617,0,有正常成交迹象,
079170,한창산업,KOSDAQ,2026-10-08,944,20,944,0,有正常成交迹象,
031310,아이즈비전,KOSDAQ,2026-10-08,47588,20,47588,0,有正常成交迹象,
333050,이노테나,KOSDAQ,2026-10-08,8056,20,8056,0,有正常成交迹象,
351330,이삭엔지니어링,KOSDAQ,2026-10-08,9505,20,9505,0,有正常成交迹象,
050110,캠시스,KOSDAQ,2026-10-08,38359,5,38359,0,有正常成交迹象,
318010,팜스빌,KOSDAQ,2026-10-08,540,20,540,0,有正常成交迹象,
043220,티에스넥스젠,KOSDAQ,2026-10-08,0,0,0,0,疑似停牌/长期无成交,需进一步核验交易状态
388610,지에프씨생명과학,KOSDAQ,2026-10-08,24657,20,24657,0,有正常成交迹象,
130500,GH신소재,KOSDAQ,2026-10-08,24547,20,24547,0,有正常成交迹象,
365590,하이딥,KOSDAQ,2026-10-08,292230,14,292230,0,有正常成交迹象,
068050,팬엔터테인먼트,KOSDAQ,2026-10-08,70038,20,70038,0,有正常成交迹象,
007770,한일화학,KOSDAQ,2026-10-08,631,20,631,0,有正常成交迹象,
239610,에이치엘사이언스,KOSDAQ,2026-10-08,452,20,452,0,有正常成交迹象,
119500,포메탈,KOSDAQ,2026-10-08,25405,20,25405,0,有正常成交迹象,
002680,한탑,KOSDAQ,2026-10-08,118991,20,118991,0,有正常成交迹象,
254120,자비스,KOSDAQ,2026-10-08,0,11,0,0,有正常成交迹象,
101400,엔시트론,KOSDAQ,2026-10-08,109330,20,109330,0,有正常成交迹象,
088340,유라클,KOSDAQ,2026-10-08,5001,20,5001,0,有正常成交迹象,
067010,이씨에스,KOSDAQ,2026-10-08,22257,20,22257,0,有正常成交迹象,
373170,엠아이큐브솔루션,KOSDAQ,2026-10-08,15361,20,15361,0,有正常成交迹象,
187270,신화콘텍,KOSDAQ,2026-10-08,3564,20,3564,0,有正常成交迹象,
160550,NEW,KOSDAQ,2026-10-08,16172,20,16172,0,有正常成交迹象,
089150,케이씨티,KOSDAQ,2026-10-08,32011,20,32011,0,有正常成交迹象,
225220,제놀루션,KOSDAQ,2026-10-08,48306,20,48306,0,有正常成交迹象,
068100,케이웨더,KOSDAQ,2026-10-08,7405,20,7405,0,有正常成交迹象,
131220,대한과학,KOSDAQ,2026-10-08,3716,20,3716,0,有正常成交迹象,
091970,LSK아이로봇,KOSDAQ,2026-10-08,33122,20,33122,0,有正常成交迹象,
008470,부스타,KOSDAQ,2026-10-08,6860,20,6860,0,有正常成交迹象,
066910,손오공,KOSDAQ,2026-10-08,74957,20,74957,0,有正常成交迹象,
195500,마니커에프앤지,KOSDAQ,2026-10-08,41627,20,41627,0,有正常成交迹象,
450520,인스웨이브,KOSDAQ,2026-10-08,66393,20,66393,0,有正常成交迹象,
038880,아이에이,KOSDAQ,2026-10-08,10484,20,10484,0,有正常成交迹象,
398120,에스지헬스케어,KOSDAQ,2026-10-08,36310,20,36310,0,有正常成交迹象,
198940,한주라이트메탈,KOSDAQ,2026-10-08,26036,20,26036,0,有正常成交迹象,
093380,풍강,KOSDAQ,2026-10-08,10534,20,10534,0,有正常成交迹象,
139670,키네마스터,KOSDAQ,2026-10-08,7528,20,7528,0,有正常成交迹象,
376180,피코그램,KOSDAQ,2026-10-08,17847,20,17847,0,有正常成交迹象,
288620,에스프리즘,KOSDAQ,2026-10-08,10304,20,10304,0,有正常成交迹象,
114630,폴라리스우노,KOSDAQ,2026-10-08,15181,20,15181,0,有正常成交迹象,
236810,엔비티,KOSDAQ,2026-10-08,18790,20,18790,0,有正常成交迹象,
048470,대동스틸,KOSDAQ,2026-10-08,13561,20,13561,0,有正常成交迹象,
078590,휴림에이텍,KOSDAQ,2026-10-08,40374,20,40374,0,有正常成交迹象,
215790,이노인스트루먼트,KOSDAQ,2026-10-08,0,19,0,0,有正常成交迹象,
368970,오에스피,KOSDAQ,2026-10-08,75836,20,75836,0,有正常成交迹象,
115480,씨유메디칼,KOSDAQ,2026-10-08,9372,20,9372,0,有正常成交迹象,
123840,뉴온,KOSDAQ,2026-10-08,5080,20,5080,0,有正常成交迹象,
359090,씨엔알리서치,KOSDAQ,2026-10-08,12274,20,12274,0,有正常成交迹象,
016670,디모아,KOSDAQ,2026-10-08,2840,20,2840,0,有正常成交迹象,
096630,에스코넥,KOSDAQ,2026-10-08,43962,20,43962,0,有正常成交迹象,
027040,서울전자통신,KOSDAQ,2026-10-08,117292,20,117292,0,有正常成交迹象,
191410,육일씨엔에쓰,KOSDAQ,2026-10-08,88850,20,88850,0,有正常成交迹象,
297570,아틀라스링크,KOSDAQ,2026-10-08,6688,16,6688,0,有正常成交迹象,
080530,코디,KOSDAQ,2026-10-08,11380,20,11380,0,有正常成交迹象,
043200,파루,KOSDAQ,2026-10-08,45271,20,45271,0,有正常成交迹象,
017000,신원종합개발,KOSDAQ,2026-10-08,11693,20,11693,0,有正常成交迹象,
047080,한빛소프트,KOSDAQ,2026-10-08,25981,20,25981,0,有正常成交迹象,
458350,에스팀,KOSDAQ,2026-10-08,18394,20,18394,0,有正常成交迹象,
069140,누리플랜,KOSDAQ,2026-10-08,10308,20,10308,0,有正常成交迹象,
016920,카스,KOSDAQ,2026-10-08,18102,20,18102,0,有正常成交迹象,
032750,삼진,KOSDAQ,2026-10-08,2491,20,2491,0,有正常成交迹象,
058110,멕아이씨에스,KOSDAQ,2026-10-08,93243,20,93243,0,有正常成交迹象,
290270,휴네시온,KOSDAQ,2026-10-08,21561,20,21561,0,有正常成交迹象,
290520,신도기연,KOSDAQ,2026-10-08,19400,20,19400,0,有正常成交迹象,
290560,파라택시스이더리움,KOSDAQ,2026-10-08,134411,20,134411,0,有正常成交迹象,
069410,엔텔스,KOSDAQ,2026-10-08,11431,20,11431,0,有正常成交迹象,
238490,힘스,KOSDAQ,2026-10-08,12923,20,12923,0,有正常成交迹象,
134060,이퓨쳐,KOSDAQ,2026-10-08,2270,20,2270,0,有正常成交迹象,
363260,모비데이즈,KOSDAQ,2026-10-08,5637,20,5637,0,有正常成交迹象,
105550,엣지파운드리,KOSDAQ,2026-10-08,23006,20,23006,0,有正常成交迹象,
900310,컬러레이,KOSDAQ,2026-10-08,4812,20,4812,0,有正常成交迹象,
355390,크라우드웍스,KOSDAQ,2026-10-08,308867,20,308867,0,有正常成交迹象,
079000,와토스코리아,KOSDAQ,2026-10-08,2775,20,2775,0,有正常成交迹象,
033050,제이엠아이,KOSDAQ,2026-10-08,9594,20,9594,0,有正常成交迹象,
103840,우양,KOSDAQ,2026-10-08,29625,20,29625,0,有正常成交迹象,
322780,코퍼스코리아,KOSDAQ,2026-10-08,13429,20,13429,0,有正常成交迹象,
052300,오션인더블유,KOSDAQ,2026-10-08,26978,20,26978,0,有正常成交迹象,
146060,율촌,KOSDAQ,2026-10-08,10376,20,10376,0,有正常成交迹象,
072770,멤레이비티,KOSDAQ,2026-10-08,0,17,0,0,有正常成交迹象,
013720,청보,KOSDAQ,2026-10-08,6780,20,6780,0,有正常成交迹象,
096690,에이루트,KOSDAQ,2026-10-08,923,20,923,0,有正常成交迹象,
054090,삼진엘앤디,KOSDAQ,2026-10-08,25155,20,25155,0,有正常成交迹象,
057680,티사이언티픽,KOSDAQ,2026-10-08,80592,20,80592,0,有正常成交迹象,
206400,베노티앤알,KOSDAQ,2026-10-08,92504,20,92504,0,有正常成交迹象,
060230,제이케이시냅스,KOSDAQ,2026-10-08,45487,20,45487,0,有正常成交迹象,
090150,아이윈,KOSDAQ,2026-10-08,1629,20,1629,0,有正常成交迹象,
023770,플레이위드,KOSDAQ,2026-10-08,46039,20,46039,0,有正常成交迹象,
177830,파버나인,KOSDAQ,2026-10-08,22595,20,22595,0,有正常成交迹象,
415380,스튜디오삼익,KOSDAQ,2026-10-08,16710,20,16710,0,有正常成交迹象,
060380,동양에스텍,KOSDAQ,2026-10-08,6486,20,6486,0,有正常成交迹象,
328380,솔트웨어,KOSDAQ,2026-10-08,7784,20,7784,0,有正常成交迹象,
378800,샤페론,KOSDAQ,2026-10-08,44745,7,44745,0,有正常成交迹象,
140430,카티스,KOSDAQ,2026-10-08,154380,20,154380,0,有正常成交迹象,
405920,나라셀라,KOSDAQ,2026-10-08,12306,20,12306,0,有正常成交迹象,
368600,아이씨에이치,KOSDAQ,2026-10-08,0,4,0,0,有正常成交迹象,
148780,비큐AI,KOSDAQ,2026-10-08,36912,20,36912,0,有正常成交迹象,
318000,KBG,KOSDAQ,2026-10-08,3855,20,3855,0,有正常成交迹象,
053290,NE능률,KOSDAQ,2026-10-08,16620,20,16620,0,有正常成交迹象,
193250,링크드,KOSDAQ,2026-10-08,15462,20,15462,0,有正常成交迹象,
021880,메이슨캐피탈,KOSDAQ,2026-10-08,7187,20,7187,0,有正常成交迹象,
475660,에스켐,KOSDAQ,2026-10-08,29844,20,29844,0,有正常成交迹象,
043590,웰킵스하이텍,KOSDAQ,2026-10-08,170085,20,170085,0,有正常成交迹象,
016100,리더스코스메틱,KOSDAQ,2026-10-08,5092,20,5092,0,有正常成交迹象,
131180,딜리,KOSDAQ,2026-10-08,703,20,703,0,有正常成交迹象,
054940,엑사이엔씨,KOSDAQ,2026-10-08,112576,20,112576,0,有正常成交迹象,
044780,에이치케이,KOSDAQ,2026-10-08,26582,20,26582,0,有正常成交迹象,
083660,CSA 코스믹,KOSDAQ,2026-10-08,14314,20,14314,0,有正常成交迹象,
317120,라닉스,KOSDAQ,2026-10-08,49985,20,49985,0,有正常成交迹象,
138070,신진에스엠,KOSDAQ,2026-10-08,42631,20,42631,0,有正常成交迹象,
001810,무림SP,KOSDAQ,2026-10-08,21819,20,21819,0,有正常成交迹象,
429270,시지트로닉스,KOSDAQ,2026-10-08,205029,20,205029,0,有正常成交迹象,
123750,알톤,KOSDAQ,2026-10-08,6358,20,6358,0,有正常成交迹象,
464500,아이언디바이스,KOSDAQ,2026-10-08,18296,20,18296,0,有正常成交迹象,
115160,휴맥스,KOSDAQ,2026-10-08,4934,20,4934,0,有正常成交迹象,
219750,한국비티비,KOSDAQ,2026-10-08,9645,20,9645,0,有正常成交迹象,
101680,한국정밀기계,KOSDAQ,2026-10-08,10518,20,10518,0,有正常成交迹象,
083640,인콘,KOSDAQ,2026-10-08,2639,16,2639,0,有正常成交迹象,
065690,파커스,KOSDAQ,2026-10-08,17091,20,17091,0,有正常成交迹象,
115530,씨엔플러스,KOSDAQ,2026-10-08,14393,20,14393,0,有正常成交迹象,
035200,프럼파스트,KOSDAQ,2026-10-08,16966,20,16966,0,有正常成交迹象,
206560,덱스터,KOSDAQ,2026-10-08,50094,20,50094,0,有正常成交迹象,
389680,유디엠텍,KOSDAQ,2026-10-08,74580,20,74580,0,有正常成交迹象,
267790,배럴,KOSDAQ,2026-10-08,2664,20,2664,0,有正常成交迹象,
032680,소프트센,KOSDAQ,2026-10-08,117883,20,117883,0,有正常成交迹象,
039740,한국정보공학,KOSDAQ,2026-10-08,7136,20,7136,0,有正常成交迹象,
377330,이지트로닉스,KOSDAQ,2026-10-08,2401,20,2401,0,有正常成交迹象,
188040,바이오포트,KOSDAQ,2026-10-08,4448,20,4448,0,有正常成交迹象,
051380,피씨디렉트,KOSDAQ,2026-10-08,9313,20,9313,0,有正常成交迹象,
065370,위세아이텍,KOSDAQ,2026-10-08,14290,20,14290,0,有正常成交迹象,
257370,피엔티엠에스,KOSDAQ,2026-10-08,6739,20,6739,0,有正常成交迹象,
237750,피앤씨테크,KOSDAQ,2026-10-08,5063,20,5063,0,有正常成交迹象,
076080,웰크론한텍,KOSDAQ,2026-10-08,17023,20,17023,0,有正常成交迹象,
247660,나노씨엠에스,KOSDAQ,2026-10-08,181585,20,181585,0,有正常成交迹象,
208350,지란지교시큐리티,KOSDAQ,2026-10-08,7964,20,7964,0,有正常成交迹象,
036480,대성미생물,KOSDAQ,2026-10-08,3088,20,3088,0,有正常成交迹象,
301300,바이브컴퍼니,KOSDAQ,2026-10-08,9627,20,9627,0,有正常成交迹象,
210120,빅텐츠,KOSDAQ,2026-10-08,2556963,20,2556963,0,有正常成交迹象,
361670,삼영에스앤씨,KOSDAQ,2026-10-08,12540,20,12540,0,有正常成交迹象,
417180,핑거스토리,KOSDAQ,2026-10-08,1823,20,1823,0,有正常成交迹象,
020400,대동금속,KOSDAQ,2026-10-08,17032,20,17032,0,有正常成交迹象,
347770,핌스,KOSDAQ,2026-10-08,179704,20,179704,0,有正常成交迹象,
018680,서울제약,KOSDAQ,2026-10-08,10178,20,10178,0,有正常成交迹象,
032800,판타지오,KOSDAQ,2026-10-08,8285,20,8285,0,有正常成交迹象,
033200,모아텍,KOSDAQ,2026-10-08,1786,20,1786,0,有正常成交迹象,
352940,인바이오,KOSDAQ,2026-10-08,4865,20,4865,0,有正常成交迹象,
298060,풍전약품,KOSDAQ,2026-10-08,3972,20,3972,0,有正常成交迹象,
187220,디티앤씨,KOSDAQ,2026-10-08,9099,20,9099,0,有正常成交迹象,
017250,인터엠,KOSDAQ,2026-10-08,17577,20,17577,0,有正常成交迹象,
192390,윈하이텍,KOSDAQ,2026-10-08,22103,20,22103,0,有正常成交迹象,
115570,스타플렉스,KOSDAQ,2026-10-08,5038,20,5038,0,有正常成交迹象,
424760,벨로크,KOSDAQ,2026-10-08,25311,20,25311,0,有正常成交迹象,
007720,소노스퀘어,KOSDAQ,2026-10-08,7778,20,7778,0,有正常成交迹象,
013810,스페코,KOSDAQ,2026-10-08,35143,20,35143,0,有正常成交迹象,
070300,퀀텀레일,KOSDAQ,2026-10-08,2508055,20,2508055,0,有正常成交迹象,
238200,비피도,KOSDAQ,2026-10-08,1627,20,1627,0,有正常成交迹象,
432980,엠에프씨,KOSDAQ,2026-10-08,3992,20,3992,0,有正常成交迹象,
053060,세동,KOSDAQ,2026-10-08,47063,20,47063,0,有正常成交迹象,
098660,에스티오,KOSDAQ,2026-10-08,5944,20,5944,0,有正常成交迹象,
303530,이노뎁,KOSDAQ,2026-10-08,4866,20,4866,0,有正常成交迹象,
032080,아즈텍WB,KOSDAQ,2026-10-08,0,5,0,0,有正常成交迹象,
027580,상보,KOSDAQ,2026-10-08,34032,20,34032,0,有正常成交迹象,
222980,한국맥널티,KOSDAQ,2026-10-08,11658,20,11658,0,有正常成交迹象,
039310,세중,KOSDAQ,2026-10-08,10434,20,10434,0,有正常成交迹象,
115610,이미지스,KOSDAQ,2026-10-08,96803,20,96803,0,有正常成交迹象,
200230,텔콘RF제약,KOSDAQ,2026-10-08,22589,20,22589,0,有正常成交迹象,
032280,삼일,KOSDAQ,2026-10-08,23831,20,23831,0,有正常成交迹象,
092600,앤씨앤,KOSDAQ,2026-10-08,104429,20,104429,0,有正常成交迹象,
215480,토박스코리아,KOSDAQ,2026-10-08,6143,20,6143,0,有正常成交迹象,
054220,비츠로시스,KOSDAQ,2026-10-08,61236,20,61236,0,有正常成交迹象,
083470,이엠앤아이,KOSDAQ,2026-10-08,839643,20,839643,0,有正常成交迹象,
095910,에스에너지,KOSDAQ,2026-10-08,0,17,0,0,有正常成交迹象,
018700,졸스,KOSDAQ,2026-10-08,12102,20,12102,0,有正常成交迹象,
331520,밸로프,KOSDAQ,2026-10-08,9011,20,9011,0,有正常成交迹象,
277410,인산가,KOSDAQ,2026-10-08,3371,20,3371,0,有正常成交迹象,
274400,이노시뮬레이션,KOSDAQ,2026-10-08,22094,20,22094,0,有正常成交迹象,
063760,이엘피,KOSDAQ,2026-10-08,27794,20,27794,0,有正常成交迹象,
440320,오픈놀,KOSDAQ,2026-10-08,10690,20,10690,0,有正常成交迹象,
342870,오아,KOSDAQ,2026-10-08,13510,20,13510,0,有正常成交迹象,
045520,크린앤사이언스,KOSDAQ,2026-10-08,10138,20,10138,0,有正常成交迹象,
067730,로지시스,KOSDAQ,2026-10-08,9162,20,9162,0,有正常成交迹象,
455180,케이지에이,KOSDAQ,2026-10-08,106185,20,106185,0,有正常成交迹象,
044480,빌리언스,KOSDAQ,2026-10-08,5849,20,5849,0,有正常成交迹象,
241840,에이스토리,KOSDAQ,2026-10-08,26065,20,26065,0,有正常成交迹象,
024940,PN풍년,KOSDAQ,2026-10-08,31010,20,31010,0,有正常成交迹象,
372800,아이티아이즈,KOSDAQ,2026-10-08,74648,20,74648,0,有正常成交迹象,
154040,다산솔루에타,KOSDAQ,2026-10-08,7236,8,7236,0,有正常成交迹象,
096870,엘디티,KOSDAQ,2026-10-08,67835,20,67835,0,有正常成交迹象,
438700,버넥트,KOSDAQ,2026-10-08,10517,20,10517,0,有正常成交迹象,
289220,자이언트스텝,KOSDAQ,2026-10-08,35080,20,35080,0,有正常成交迹象,
353590,오토앤,KOSDAQ,2026-10-08,7965,20,7965,0,有正常成交迹象,
043360,디지아이,KOSDAQ,2026-10-08,4810,20,4810,0,有正常成交迹象,
065060,지엔코,KOSDAQ,2026-10-08,2037,20,2037,0,有正常成交迹象,
362990,드림인사이트,KOSDAQ,2026-10-08,4133,20,4133,0,有正常成交迹象,
130740,티피씨글로벌,KOSDAQ,2026-10-08,13462,20,13462,0,有正常成交迹象,
065150,대산F&B,KOSDAQ,2026-10-08,28138,20,28138,0,有正常成交迹象,
340440,세림B&G,KOSDAQ,2026-10-08,37766,3,37766,0,有正常成交迹象,
088290,이원컴포텍,KOSDAQ,2026-10-08,20014,20,20014,0,有正常成交迹象,
405000,플라즈맵,KOSDAQ,2026-10-08,8405,20,8405,0,有正常成交迹象,
131100,티엔엔터테인먼트,KOSDAQ,2026-10-08,49351,20,49351,0,有正常成交迹象,
276730,한울앤제주,KOSDAQ,2026-10-08,22405,20,22405,0,有正常成交迹象,
019660,글로본,KOSDAQ,2026-10-08,24778,20,24778,0,有正常成交迹象,
021040,대호특수강,KOSDAQ,2026-10-08,106838,20,106838,0,有正常成交迹象,
079950,인베니아,KOSDAQ,2026-10-08,24335,20,24335,0,有正常成交迹象,
344860,이노진,KOSDAQ,2026-10-08,65157,20,65157,0,有正常成交迹象,
080470,성창오토텍,KOSDAQ,2026-10-08,3319,20,3319,0,有正常成交迹象,
038530,케이바이오랩스,KOSDAQ,2026-10-08,10787,11,10787,0,有正常成交迹象,
353190,휴럼,KOSDAQ,2026-10-08,9740,20,9740,0,有正常成交迹象,
113810,디젠스,KOSDAQ,2026-10-08,7284,20,7284,0,有正常成交迹象,
050760,에스폴리텍,KOSDAQ,2026-10-08,31949,20,31949,0,有正常成交迹象,
275630,에스에스알,KOSDAQ,2026-10-08,1454,20,1454,0,有正常成交迹象,
069330,유아이디,KOSDAQ,2026-10-08,11996,20,11996,0,有正常成交迹象,
154030,아시아종묘,KOSDAQ,2026-10-08,9972,20,9972,0,有正常成交迹象,
252500,세화피앤씨,KOSDAQ,2026-10-08,6649,20,6649,0,有正常成交迹象,
023790,동일스틸럭스,KOSDAQ,2026-10-08,315925,20,315925,0,有正常成交迹象,
085810,알티캐스트,KOSDAQ,2026-10-08,14150,20,14150,0,有正常成交迹象,
073190,듀오백,KOSDAQ,2026-10-08,0,0,0,0,疑似停牌/长期无成交,需进一步核验交易状态
214610,롤링스톤,KOSDAQ,2026-10-08,0,0,0,0,疑似停牌/长期无成交,需进一步核验交易状态
227610,아우딘퓨쳐스,KOSDAQ,2026-10-08,50175,20,50175,0,有正常成交迹象,
403490,우듬지팜,KOSDAQ,2026-10-08,6860,20,6860,0,有正常成交迹象,
048830,엔피케이,KOSDAQ,2026-10-08,145564,20,145564,0,有正常成交迹象,
031860,디에이치엑스컴퍼니,KOSDAQ,2026-10-08,0,0,0,0,疑似停牌/长期无成交,需进一步核验交易状态
014100,메디앙스,KOSDAQ,2026-10-08,20214,20,20214,0,有正常成交迹象,
224060,더코디,KOSDAQ,2026-10-08,1317056,20,1317056,0,有正常成交迹象,
026910,광진실업,KOSDAQ,2026-10-08,90198,20,90198,0,有正常成交迹象,
051780,큐로홀딩스,KOSDAQ,2026-10-08,15183,20,15183,0,有正常成交迹象,
056730,CNT85,KOSDAQ,2026-10-08,13803,20,13803,0,有正常成交迹象,
279600,미디어젠,KOSDAQ,2026-10-08,2153,20,2153,0,有正常成交迹象,
110020,전진바이오팜,KOSDAQ,2026-10-08,19097,20,19097,0,有正常成交迹象,
018620,우진비앤지,KOSDAQ,2026-10-08,9626,20,9626,0,有正常成交迹象,
373110,엑셀세라퓨틱스,KOSDAQ,2026-10-08,77864,20,77864,0,有正常成交迹象,
078860,아이오케이이엔엠,KOSDAQ,2026-10-08,10466,20,10466,0,有正常成交迹象,
084440,유비온,KOSDAQ,2026-10-08,2995,12,2995,0,有正常成交迹象,
196700,웹스,KOSDAQ,2026-10-08,26389,20,26389,0,有正常成交迹象,
037400,우리엔터프라이즈,KOSDAQ,2026-10-08,40785,20,40785,0,有正常成交迹象,
137940,넥스트아이,KOSDAQ,2026-10-08,21795,20,21795,0,有正常成交迹象,
365900,브이씨,KOSDAQ,2026-10-08,53797,20,53797,0,有正常成交迹象,
195990,루트K,KOSDAQ,2026-10-08,11670,20,11670,0,有正常成交迹象,
309930,조이웍스앤코,KOSDAQ,2026-10-08,18691,20,18691,0,有正常成交迹象,
0197V0,엔에이치스팩34호,KOSDAQ,,0,0,58751,0,历史不足待核验,不据此删除
419540,비스토스,KOSDAQ,2026-10-08,6696,20,6696,0,有正常成交迹象,
306040,에스제이그룹,KOSDAQ,2026-10-08,293491,20,293491,0,有正常成交迹象,
065650,하이퍼코퍼레이션,KOSDAQ,2026-10-08,30505,20,30505,0,有正常成交迹象,
482680,미래에셋비전스팩7호,KOSDAQ,2026-10-08,0,0,0,0,疑似停牌/长期无成交,需进一步核验交易状态
477380,미래에셋비전스팩4호,KOSDAQ,2026-10-08,14695,20,14695,0,有正常成交迹象,
241820,피씨엘,KOSDAQ,2026-10-08,0,0,0,0,疑似停牌/长期无成交,需进一步核验交易状态
0200G0,한국제17호스팩,KOSDAQ,,0,0,202109,0,历史不足待核验,不据此删除
009730,이렘,KOSDAQ,2026-10-08,134767,20,134767,0,有正常成交迹象,
225590,패션플랫폼,KOSDAQ,2026-10-08,75287,20,75287,0,有正常成交迹象,
050090,비케이홀딩스,KOSDAQ,2026-10-08,0,16,0,0,有正常成交迹象,
009620,삼보산업,KOSDAQ,2026-10-08,14401,13,14401,0,有正常成交迹象,
469480,IBKS제24호스팩,KOSDAQ,2026-10-08,102500,7,102500,0,有正常成交迹象,
034940,조아제약,KOSDAQ,2026-10-08,61996,20,61996,0,有正常成交迹象,
376930,노을,KOSDAQ,2026-10-08,44615,20,44615,0,有正常成交迹象,
475460,미트박스,KOSDAQ,2026-10-08,113152,20,113152,0,有正常成交迹象,
0072Z0,KB제33호스팩,KOSDAQ,2026-10-08,6737,20,6737,0,有正常成交迹象,
477340,에이치엠씨제7호스팩,KOSDAQ,2026-10-08,1054,20,1054,0,有正常成交迹象,
285800,진영,KOSDAQ,2026-10-08,9682,17,9682,0,有正常成交迹象,
0101C0,하나36호스팩,KOSDAQ,2026-10-08,870,20,870,0,有正常成交迹象,
0130H0,엔에이치스팩33호,KOSDAQ,2026-10-08,1795,20,1795,0,有正常成交迹象,
030350,드래곤플라이,KOSDAQ,2026-10-08,0,0,0,0,疑似停牌/长期无成交,需进一步核验交易状态
0044K0,삼성스팩10호,KOSDAQ,2026-10-08,9237,20,9237,0,有正常成交迹象,
473050,유안타제15호스팩,KOSDAQ,2026-10-08,371554,19,371554,0,有正常成交迹象,
0115H0,삼성스팩13호,KOSDAQ,2026-10-08,2171,20,2171,0,有正常成交迹象,
489480,키움제11호스팩,KOSDAQ,2026-10-08,0,3,0,0,有正常成交迹象,
478440,미래에셋비전스팩6호,KOSDAQ,2026-10-08,7663,20,7663,0,有正常成交迹象,
479880,한국제15호스팩,KOSDAQ,2026-10-08,7845,20,7845,0,有正常成交迹象,
101000,KS인더스트리,KOSDAQ,2026-10-08,72235,19,72235,0,有正常成交迹象,
0165X0,메리츠제2호스팩,KOSDAQ,2026-10-08,6064,20,6064,0,有正常成交迹象,
0099W0,미래에셋비전스팩11호,KOSDAQ,2026-10-08,72,20,72,0,有正常成交迹象,
054410,케이피티유,KOSDAQ,2026-10-08,23464,20,23464,0,有正常成交迹象,
0209J0,KB제34호스팩,KOSDAQ,,0,0,178739,0,历史不足待核验,不据此删除
304840,피플바이오,KOSDAQ,2026-10-08,0,0,0,0,疑似停牌/长期无成交,需进一步核验交易状态
352770,셀레스트라,KOSDAQ,2026-10-08,0,0,0,0,疑似停牌/长期无成交,需进一步核验交易状态
498390,한화플러스제5호스팩,KOSDAQ,2026-10-08,120770,7,120770,0,有正常成交迹象,
244460,올리패스,KOSDAQ,2026-10-08,0,0,0,0,疑似停牌/长期无成交,需进一步核验交易状态
0134X0,대신밸런스제20호스팩,KOSDAQ,2026-10-08,45931,20,45931,0,有正常成交迹象,
177350,베셀,KOSDAQ,2026-10-08,22570,20,22570,0,有正常成交迹象,
335870,윙스풋,KOSDAQ,2026-10-08,5046,20,5046,0,有正常成交迹象,
0164H0,한국제16호스팩,KOSDAQ,2026-10-08,36360,20,36360,0,有正常成交迹象,
481890,엔에이치스팩31호,KOSDAQ,2026-10-08,17698,20,17698,0,有正常成交迹象,
0096B0,삼성스팩12호,KOSDAQ,2026-10-08,15715,20,15715,0,有正常成交迹象,
0099X0,IBKS제25호스팩,KOSDAQ,2026-10-08,105101,7,105101,0,有正常成交迹象,
0097F0,미래에셋비전스팩10호,KOSDAQ,2026-10-08,97,20,97,0,有正常成交迹象,
489730,디비금융제13호스팩,KOSDAQ,2026-10-08,1312,20,1312,0,有正常成交迹象,
478390,KB제29호스팩,KOSDAQ,2026-10-08,10958,20,10958,0,有正常成交迹象,
0093G0,미래에셋비전스팩8호,KOSDAQ,2026-10-08,226,20,226,0,有正常成交迹象,
054180,메디콕스,KOSDAQ,2026-10-08,0,0,0,0,疑似停牌/长期无成交,需进一步核验交易状态
354200,엔젠바이오,KOSDAQ,2026-10-08,2045852,20,2045852,0,有正常成交迹象,
060480,국일신동,KOSDAQ,2026-10-08,406247,20,406247,0,有正常成交迹象,
0037T0,KB제32호스팩,KOSDAQ,2026-10-08,31050,20,31050,0,有正常成交迹象,
492220,KB제31호스팩,KOSDAQ,2026-10-08,3683,20,3683,0,有正常成交迹象,
482520,교보16호스팩,KOSDAQ,2026-10-08,0,9,0,0,有正常成交迹象,
028080,휴맥스홀딩스,KOSDAQ,2026-10-08,0,13,0,0,有正常成交迹象,
418620,E8,KOSDAQ,2026-10-08,2961783,20,2961783,0,有正常成交迹象,
0091W0,신영스팩11호,KOSDAQ,2026-10-08,943,20,943,0,有正常成交迹象,
0131D0,키움히어로제2호스팩,KOSDAQ,2026-10-08,9783,20,9783,0,有正常成交迹象,
0054V0,엔에이치스팩32호,KOSDAQ,2026-10-08,14199,20,14199,0,有正常成交迹象,
065570,삼영이엔씨,KOSDAQ,2026-10-08,0,0,0,0,疑似停牌/长期无成交,需进一步核验交易状态
035620,바른손이앤에이,KOSDAQ,2026-10-08,278401,20,278401,0,有正常成交迹象,
0041L0,하나35호스팩,KOSDAQ,2026-10-08,12734,20,12734,0,有正常成交迹象,
477760,DB금융스팩12호,KOSDAQ,2026-10-08,5052,20,5052,0,有正常成交迹象,
065770,CS,KOSDAQ,2026-10-08,842683,20,842683,0,有正常成交迹象,
0088D0,메리츠제1호스팩,KOSDAQ,2026-10-08,3231,20,3231,0,有正常成交迹象,
0132G0,교보20호스팩,KOSDAQ,2026-10-08,9688,20,9688,0,有正常成交迹象,
239340,이스트에이드,KOSDAQ,2026-10-08,22238,11,22238,0,有正常成交迹象,
103230,에스앤더블류,KOSDAQ,2026-10-08,84482,20,84482,0,有正常成交迹象,
469900,하나31호스팩,KOSDAQ,2026-10-08,83045,19,83045,0,有正常成交迹象,
482690,대신밸런스제19호스팩,KOSDAQ,2026-10-08,2550,20,2550,0,有正常成交迹象,
474660,신한제12호스팩,KOSDAQ,2026-10-08,94100,20,94100,0,有正常成交迹象,
0071M0,삼성스팩11호,KOSDAQ,2026-10-08,15383,20,15383,0,有正常成交迹象,
060260,뉴보텍,KOSDAQ,2026-10-08,759026,20,759026,0,有正常成交迹象,
474490,유안타제16호스팩,KOSDAQ,2026-10-08,5972,20,5972,0,有正常成交迹象,
487360,신한제14호스팩,KOSDAQ,2026-10-08,6071,20,6071,0,有正常成交迹象,
477470,미래에셋비전스팩5호,KOSDAQ,2026-10-08,10046,20,10046,0,有正常成交迹象,
289010,아이스크림에듀,KOSDAQ,2026-10-08,563963,20,563963,0,有正常成交迹象,
0105P0,유진스팩12호,KOSDAQ,2026-10-08,81,20,81,0,有正常成交迹象,
496070,신한제16호스팩,KOSDAQ,2026-10-08,743,20,743,0,有正常成交迹象,
060900,에이전트AI,KOSDAQ,2026-10-08,112846,20,112846,0,有正常成交迹象,
131760,파인텍,KOSDAQ,2026-10-08,105020,20,105020,0,有正常成交迹象,
0129K0,신한제18호스팩,KOSDAQ,2026-10-08,5927,20,5927,0,有正常成交迹象,
0096D0,미래에셋비전스팩9호,KOSDAQ,2026-10-08,8,20,8,0,有正常成交迹象,
486630,KB제30호스팩,KOSDAQ,2026-10-08,1035,20,1035,0,有正常成交迹象,
001000,신라섬유,KOSDAQ,2026-10-08,647146,17,647146,0,有正常成交迹象,
142760,모아라이프플러스,KOSDAQ,2026-10-08,1685072,20,1685072,0,有正常成交迹象,
0098T0,교보19호스팩,KOSDAQ,2026-10-08,20016,20,20016,0,有正常成交迹象,
493790,유안타제17호스팩,KOSDAQ,2026-10-08,5727,20,5727,0,有正常成交迹象,
012340,뉴인텍,KOSDAQ,2026-10-08,2793510,20,2793510,0,有正常成交迹象,
0004Y0,디비금융제14호스팩,KOSDAQ,2026-10-08,691,20,691,0,有正常成交迹象,
489210,교보17호스팩,KOSDAQ,2026-10-08,5337,20,5337,0,有正常成交迹象,
377220,프롬바이오,KOSDAQ,2026-10-08,30552,20,30552,0,有正常成交迹象,
303030,지니틱스,KOSDAQ,2026-10-08,52436,20,52436,0,有正常成交迹象,
0130D0,신한제17호스팩,KOSDAQ,2026-10-08,1863,20,1863,0,有正常成交迹象,
043100,알파AI,KOSDAQ,2026-10-08,0,0,0,0,疑似停牌/长期无成交,需进一步核验交易状态
006050,국영지앤엠,KOSDAQ,2026-10-08,104335,20,104335,0,有正常成交迹象,
478110,이베스트스팩6호,KOSDAQ,2026-10-08,1954,19,1954,0,有正常成交迹象,
466690,키움히어로제1호스팩,KOSDAQ,2026-10-08,12383,20,12383,0,有正常成交迹象,
0041B0,교보18호스팩,KOSDAQ,2026-10-08,17640,20,17640,0,有正常成交迹象,
305090,마이크로디지탈,KOSDAQ,2026-10-08,0,0,0,0,疑似停牌/长期无成交,需进一步核验交易状态
240600,유진테크놀로지,KOSDAQ,2026-10-08,543152,20,543152,0,有正常成交迹象,
488060,유진스팩11호,KOSDAQ,2026-10-08,4266,20,4266,0,有正常成交迹象,
288980,모아데이타,KOSDAQ,2026-10-08,3242496,20,3242496,0,有正常成交迹象,
106080,케이이엠텍,KOSDAQ,2026-10-08,0,0,0,0,疑似停牌/长期无成交,需进一步核验交易状态
208640,썸에이지,KOSDAQ,2026-10-08,410049,20,410049,0,有正常成交迹象,
484130,하나34호스팩,KOSDAQ,2026-10-08,18751,20,18751,0,有正常成交迹象,
473950,에스케이증권제13호스팩,KOSDAQ,2026-10-08,1860,20,1860,0,有正常成交迹象,
487720,키움제10호스팩,KOSDAQ,2026-10-08,2724,20,2724,0,有正常成交迹象,
487830,신한제15호스팩,KOSDAQ,2026-10-08,5734,20,5734,0,有正常成交迹象,
468760,유진스팩10호,KOSDAQ,2026-10-08,0,0,0,0,疑似停牌/长期无成交,需进一步核验交易状态
472230,에스케이증권제11호스팩,KOSDAQ,2026-10-08,165494,19,165494,0,有正常成交迹象,
067770,세진티에스,KOSDAQ,2026-10-08,0,16,0,0,有正常成交迹象,
0068Y0,비엔케이제3호스팩,KOSDAQ,2026-10-08,4855,20,4855,0,有正常成交迹象,
308100,형지글로벌,KOSDAQ,2026-10-08,1137014,20,1137014,0,有正常成交迹象,
0041J0,엘에스스팩1호,KOSDAQ,2026-10-08,10756,20,10756,0,有正常成交迹象,
03481K,해성산업1우,KOSDAQ,2026-10-08,121,20,121,0,有正常成交迹象,
087260,모바일어플라이언스,KOSDAQ,2026-10-08,0,0,0,0,疑似停牌/长期无成交,需进一步核验交易状态
475250,하나33호스팩,KOSDAQ,2026-10-08,15,20,15,0,有正常成交迹象,
250930,예선테크,KOSDAQ,2026-10-08,15154,20,15154,0,有正常成交迹象,
079970,투비소프트,KOSDAQ,2026-10-08,0,0,0,0,疑似停牌/长期无成交,需进一步核验交易状态
474930,신한제13호스팩,KOSDAQ,2026-10-08,2427,20,2427,0,有正常成交迹象,
065420,에스아이리소스,KOSDAQ,2026-10-08,0,0,0,0,疑似停牌/长期无成交,需进一步核验交易状态
276040,스코넥,KOSDAQ,2026-10-08,0,0,0,0,疑似停牌/长期无成交,需进一步核验交易状态
473000,에스케이증권제12호스팩,KOSDAQ,2026-10-08,78,20,78,0,有正常成交迹象,
475240,하나32호스팩,KOSDAQ,2026-10-08,5188,20,5188,0,有正常成交迹象,
900100,파이온엑스,KOSDAQ,2026-10-08,0,13,0,0,有正常成交迹象,
291810,핀텔,KOSDAQ,2026-10-08,0,15,0,0,有正常成交迹象,
044180,KD,KOSDAQ,2026-10-08,0,0,0,0,疑似停牌/长期无成交,需进一步核验交易状态
313760,캐리,KOSDAQ,2026-10-08,0,0,0,0,疑似停牌/长期无成交,需进一步核验交易状态
052770,아이톡시,KOSDAQ,2026-10-08,0,0,0,0,疑似停牌/长期无成交,需进一步核验交易状态
225430,케이엠제약,KOSDAQ,2026-10-08,0,5,0,0,有正常成交迹象,
199730,바이오인프라,KOSDAQ,2026-10-08,77515,20,77515,0,有正常成交迹象,
025870,신라에스지,KOSDAQ,2026-10-08,0,5,0,0,有正常成交迹象,
011080,형지I&C,KOSDAQ,2026-10-08,455122,20,455122,0,有正常成交迹象,
058450,한주에이알티,KOSDAQ,2026-10-08,0,19,0,0,有正常成交迹象,
035290,골드앤에스,KOSDAQ,2026-10-08,0,7,0,0,有正常成交迹象,
021045,대호특수강우,KOSDAQ,2026-10-08,1651,20,1651,0,有正常成交迹象,
312610,에이에프더블류,KOSDAQ,2026-10-08,0,16,0,0,有正常成交迹象,
032685,소프트센우,KOSDAQ,2026-10-08,11139,20,11139,0,有正常成交迹象,
